sample_id,class_id,model_index,original_class_id,source,source_version,signer_id,consent_id,split,raw_path,landmark_path,quality_status,training_status,manual_selectable,risk_tier,source_quality_status,quality_reason,avatar_id,extractor,view,recipe,derived_signer_id,donor_sample_id,target_sample_id
syn_stomachache_location_0001,stomachache,31,,SYNTHETIC,location,syn_ext_ezgi-tutkun,derived_from_sources,train,,processed/synthetic_health/landmark46-v1/syn_stomachache_location_0001.npz,approved,trainable,true,standard,synthetic,synthetic,stomachache,mediapipe-holistic-legacy,synthetic-location,location,ext_ezgi-tutkun,ext_headache_ezgi_tutkun_1_legacy,ext_headache_ezgi_tutkun_1_legacy
syn_stomachache_location_0002,stomachache,31,,SYNTHETIC,location,syn_ext_ezgi-tutkun,derived_from_sources,train,,processed/synthetic_health/landmark46-v1/syn_stomachache_location_0002.npz,approved,trainable,true,standard,synthetic,synthetic,stomachache,mediapipe-holistic-legacy,synthetic-location,location,ext_ezgi-tutkun,ext_headache_ezgi_tutkun_1_legacy,ext_headache_ezgi_tutkun_1_legacy
syn_stomachache_location_0003,stomachache,31,,SYNTHETIC,location,syn_ext_ezgi-tutkun,derived_from_sources,train,,processed/synthetic_health/landmark46-v1/syn_stomachache_location_0003.npz,approved,trainable,true,standard,synthetic,synthetic,stomachache,mediapipe-holistic-legacy,synthetic-location,location,ext_ezgi-tutkun,ext_headache_ezgi_tutkun_1_legacy,ext_headache_ezgi_tutkun_1_legacy
syn_stomachache_location_0004,stomachache,31,,SYNTHETIC,location,syn_ext_ezgi-tutkun,derived_from_sources,train,,processed/synthetic_health/landmark46-v1/syn_stomachache_location_0004.npz,approved,trainable,true,standard,synthetic,synthetic,stomachache,mediapipe-tasks-web,synthetic-location,location,ext_ezgi-tutkun,ext_headache_ezgi_tutkun_1_web_10fps_p0,ext_headache_ezgi_tutkun_1_web_10fps_p0
syn_stomachache_location_0005,stomachache,31,,SYNTHETIC,location,syn_ext_ezgi-tutkun,derived_from_sources,train,,processed/synthetic_health/landmark46-v1/syn_stomachache_location_0005.npz,approved,trainable,true,standard,synthetic,synthetic,stomachache,mediapipe-tasks-web,synthetic-location,location,ext_ezgi-tutkun,ext_headache_ezgi_tutkun_1_web_10fps_p0,ext_headache_ezgi_tutkun_1_web_10fps_p0
syn_stomachache_location_0006,stomachache,31,,SYNTHETIC,location,syn_ext_ezgi-tutkun,derived_from_sources,train,,processed/synthetic_health/landmark46-v1/syn_stomachache_location_0006.npz,approved,trainable,true,standard,synthetic,synthetic,stomachache,mediapipe-tasks-web,synthetic-location,location,ext_ezgi-tutkun,ext_headache_ezgi_tutkun_1_web_10fps_p0,ext_headache_ezgi_tutkun_1_web_10fps_p0
syn_stomachache_location_0007,stomachache,31,,SYNTHETIC,location,syn_ext_ezgi-tutkun,derived_from_sources,train,,processed/synthetic_health/landmark46-v1/syn_stomachache_location_0007.npz,approved,trainable,true,standard,synthetic,synthetic,stomachache,mediapipe-tasks-web,synthetic-location,location,ext_ezgi-tutkun,ext_headache_ezgi_tutkun_1_web_10fps_p50,ext_headache_ezgi_tutkun_1_web_10fps_p50
syn_stomachache_location_0008,stomachache,31,,SYNTHETIC,location,syn_ext_ezgi-tutkun,derived_from_sources,train,,processed/synthetic_health/landmark46-v1/syn_stomachache_location_0008.npz,approved,trainable,true,standard,synthetic,synthetic,stomachache,mediapipe-tasks-web,synthetic-location,location,ext_ezgi-tutkun,ext_headache_ezgi_tutkun_1_web_10fps_p50,ext_headache_ezgi_tutkun_1_web_10fps_p50
syn_stomachache_location_0009,stomachache,31,,SYNTHETIC,location,syn_ext_ezgi-tutkun,derived_from_sources,train,,processed/synthetic_health/landmark46-v1/syn_stomachache_location_0009.npz,approved,trainable,true,standard,synthetic,synthetic,stomachache,mediapipe-tasks-web,synthetic-location,location,ext_ezgi-tutkun,ext_headache_ezgi_tutkun_1_web_10fps_p50,ext_headache_ezgi_tutkun_1_web_10fps_p50
syn_stomachache_location_0010,stomachache,31,,SYNTHETIC,location,syn_ext_ezgi-tutkun,derived_from_sources,train,,processed/synthetic_health/landmark46-v1/syn_stomachache_location_0010.npz,approved,trainable,true,standard,synthetic,synthetic,stomachache,mediapipe-tasks-web,synthetic-location,location,ext_ezgi-tutkun,ext_headache_ezgi_tutkun_1_web_25fps_p0,ext_headache_ezgi_tutkun_1_web_25fps_p0
syn_stomachache_location_0011,stomachache,31,,SYNTHETIC,location,syn_ext_ezgi-tutkun,derived_from_sources,train,,processed/synthetic_health/landmark46-v1/syn_stomachache_location_0011.npz,approved,trainable,true,standard,synthetic,synthetic,stomachache,mediapipe-tasks-web,synthetic-location,location,ext_ezgi-tutkun,ext_headache_ezgi_tutkun_1_web_25fps_p0,ext_headache_ezgi_tutkun_1_web_25fps_p0
syn_stomachache_location_0012,stomachache,31,,SYNTHETIC,location,syn_ext_ezgi-tutkun,derived_from_sources,train,,processed/synthetic_health/landmark46-v1/syn_stomachache_location_0012.npz,approved,trainable,true,standard,synthetic,synthetic,stomachache,mediapipe-tasks-web,synthetic-location,location,ext_ezgi-tutkun,ext_headache_ezgi_tutkun_1_web_25fps_p0,ext_headache_ezgi_tutkun_1_web_25fps_p0
syn_stomachache_location_0013,stomachache,31,,SYNTHETIC,location,syn_ext_serpil-avci,derived_from_sources,train,,processed/synthetic_health/landmark46-v1/syn_stomachache_location_0013.npz,approved,trainable,true,standard,synthetic,synthetic,stomachache,mediapipe-holistic-legacy,synthetic-location,location,ext_serpil-avci,ext_headache_serpil_avci_1_legacy,ext_headache_serpil_avci_1_legacy
syn_stomachache_location_0014,stomachache,31,,SYNTHETIC,location,syn_ext_serpil-avci,derived_from_sources,train,,processed/synthetic_health/landmark46-v1/syn_stomachache_location_0014.npz,approved,trainable,true,standard,synthetic,synthetic,stomachache,mediapipe-holistic-legacy,synthetic-location,location,ext_serpil-avci,ext_headache_serpil_avci_1_legacy,ext_headache_serpil_avci_1_legacy
syn_stomachache_location_0015,stomachache,31,,SYNTHETIC,location,syn_ext_serpil-avci,derived_from_sources,train,,processed/synthetic_health/landmark46-v1/syn_stomachache_location_0015.npz,approved,trainable,true,standard,synthetic,synthetic,stomachache,mediapipe-holistic-legacy,synthetic-location,location,ext_serpil-avci,ext_headache_serpil_avci_1_legacy,ext_headache_serpil_avci_1_legacy
syn_stomachache_location_0016,stomachache,31,,SYNTHETIC,location,syn_ext_serpil-avci,derived_from_sources,train,,processed/synthetic_health/landmark46-v1/syn_stomachache_location_0016.npz,approved,trainable,true,standard,synthetic,synthetic,stomachache,mediapipe-tasks-web,synthetic-location,location,ext_serpil-avci,ext_headache_serpil_avci_1_web_10fps_p0,ext_headache_serpil_avci_1_web_10fps_p0
syn_stomachache_location_0017,stomachache,31,,SYNTHETIC,location,syn_ext_serpil-avci,derived_from_sources,train,,processed/synthetic_health/landmark46-v1/syn_stomachache_location_0017.npz,approved,trainable,true,standard,synthetic,synthetic,stomachache,mediapipe-tasks-web,synthetic-location,location,ext_serpil-avci,ext_headache_serpil_avci_1_web_10fps_p0,ext_headache_serpil_avci_1_web_10fps_p0
syn_stomachache_location_0018,stomachache,31,,SYNTHETIC,location,syn_ext_serpil-avci,derived_from_sources,train,,processed/synthetic_health/landmark46-v1/syn_stomachache_location_0018.npz,approved,trainable,true,standard,synthetic,synthetic,stomachache,mediapipe-tasks-web,synthetic-location,location,ext_serpil-avci,ext_headache_serpil_avci_1_web_10fps_p0,ext_headache_serpil_avci_1_web_10fps_p0
syn_stomachache_location_0019,stomachache,31,,SYNTHETIC,location,syn_ext_serpil-avci,derived_from_sources,train,,processed/synthetic_health/landmark46-v1/syn_stomachache_location_0019.npz,approved,trainable,true,standard,synthetic,synthetic,stomachache,mediapipe-tasks-web,synthetic-location,location,ext_serpil-avci,ext_headache_serpil_avci_1_web_10fps_p50,ext_headache_serpil_avci_1_web_10fps_p50
syn_stomachache_location_0020,stomachache,31,,SYNTHETIC,location,syn_ext_serpil-avci,derived_from_sources,train,,processed/synthetic_health/landmark46-v1/syn_stomachache_location_0020.npz,approved,trainable,true,standard,synthetic,synthetic,stomachache,mediapipe-tasks-web,synthetic-location,location,ext_serpil-avci,ext_headache_serpil_avci_1_web_10fps_p50,ext_headache_serpil_avci_1_web_10fps_p50
syn_stomachache_location_0021,stomachache,31,,SYNTHETIC,location,syn_ext_serpil-avci,derived_from_sources,train,,processed/synthetic_health/landmark46-v1/syn_stomachache_location_0021.npz,approved,trainable,true,standard,synthetic,synthetic,stomachache,mediapipe-tasks-web,synthetic-location,location,ext_serpil-avci,ext_headache_serpil_avci_1_web_10fps_p50,ext_headache_serpil_avci_1_web_10fps_p50
syn_stomachache_location_0022,stomachache,31,,SYNTHETIC,location,syn_ext_serpil-avci,derived_from_sources,train,,processed/synthetic_health/landmark46-v1/syn_stomachache_location_0022.npz,approved,trainable,true,standard,synthetic,synthetic,stomachache,mediapipe-tasks-web,synthetic-location,location,ext_serpil-avci,ext_headache_serpil_avci_1_web_25fps_p0,ext_headache_serpil_avci_1_web_25fps_p0
syn_stomachache_location_0023,stomachache,31,,SYNTHETIC,location,syn_ext_serpil-avci,derived_from_sources,train,,processed/synthetic_health/landmark46-v1/syn_stomachache_location_0023.npz,approved,trainable,true,standard,synthetic,synthetic,stomachache,mediapipe-tasks-web,synthetic-location,location,ext_serpil-avci,ext_headache_serpil_avci_1_web_25fps_p0,ext_headache_serpil_avci_1_web_25fps_p0
syn_stomachache_location_0024,stomachache,31,,SYNTHETIC,location,syn_ext_serpil-avci,derived_from_sources,train,,processed/synthetic_health/landmark46-v1/syn_stomachache_location_0024.npz,approved,trainable,true,standard,synthetic,synthetic,stomachache,mediapipe-tasks-web,synthetic-location,location,ext_serpil-avci,ext_headache_serpil_avci_1_web_25fps_p0,ext_headache_serpil_avci_1_web_25fps_p0
syn_stomachache_location_0025,stomachache,31,,SYNTHETIC,location,syn_ext_serpil-avci,derived_from_sources,train,,processed/synthetic_health/landmark46-v1/syn_stomachache_location_0025.npz,approved,trainable,true,standard,synthetic,synthetic,stomachache,mediapipe-holistic-legacy,synthetic-location,location,ext_serpil-avci,ext_headache_serpil_avci_2_legacy,ext_headache_serpil_avci_2_legacy
syn_stomachache_location_0026,stomachache,31,,SYNTHETIC,location,syn_ext_serpil-avci,derived_from_sources,train,,processed/synthetic_health/landmark46-v1/syn_stomachache_location_0026.npz,approved,trainable,true,standard,synthetic,synthetic,stomachache,mediapipe-holistic-legacy,synthetic-location,location,ext_serpil-avci,ext_headache_serpil_avci_2_legacy,ext_headache_serpil_avci_2_legacy
syn_stomachache_location_0027,stomachache,31,,SYNTHETIC,location,syn_ext_serpil-avci,derived_from_sources,train,,processed/synthetic_health/landmark46-v1/syn_stomachache_location_0027.npz,approved,trainable,true,standard,synthetic,synthetic,stomachache,mediapipe-holistic-legacy,synthetic-location,location,ext_serpil-avci,ext_headache_serpil_avci_2_legacy,ext_headache_serpil_avci_2_legacy
syn_stomachache_location_0028,stomachache,31,,SYNTHETIC,location,syn_ext_serpil-avci,derived_from_sources,train,,processed/synthetic_health/landmark46-v1/syn_stomachache_location_0028.npz,approved,trainable,true,standard,synthetic,synthetic,stomachache,mediapipe-tasks-web,synthetic-location,location,ext_serpil-avci,ext_headache_serpil_avci_2_web_10fps_p0,ext_headache_serpil_avci_2_web_10fps_p0
syn_stomachache_location_0029,stomachache,31,,SYNTHETIC,location,syn_ext_serpil-avci,derived_from_sources,train,,processed/synthetic_health/landmark46-v1/syn_stomachache_location_0029.npz,approved,trainable,true,standard,synthetic,synthetic,stomachache,mediapipe-tasks-web,synthetic-location,location,ext_serpil-avci,ext_headache_serpil_avci_2_web_10fps_p0,ext_headache_serpil_avci_2_web_10fps_p0
syn_stomachache_location_0030,stomachache,31,,SYNTHETIC,location,syn_ext_serpil-avci,derived_from_sources,train,,processed/synthetic_health/landmark46-v1/syn_stomachache_location_0030.npz,approved,trainable,true,standard,synthetic,synthetic,stomachache,mediapipe-tasks-web,synthetic-location,location,ext_serpil-avci,ext_headache_serpil_avci_2_web_10fps_p0,ext_headache_serpil_avci_2_web_10fps_p0
syn_stomachache_location_0031,stomachache,31,,SYNTHETIC,location,syn_ext_serpil-avci,derived_from_sources,train,,processed/synthetic_health/landmark46-v1/syn_stomachache_location_0031.npz,approved,trainable,true,standard,synthetic,synthetic,stomachache,mediapipe-tasks-web,synthetic-location,location,ext_serpil-avci,ext_headache_serpil_avci_2_web_10fps_p50,ext_headache_serpil_avci_2_web_10fps_p50
syn_stomachache_location_0032,stomachache,31,,SYNTHETIC,location,syn_ext_serpil-avci,derived_from_sources,train,,processed/synthetic_health/landmark46-v1/syn_stomachache_location_0032.npz,approved,trainable,true,standard,synthetic,synthetic,stomachache,mediapipe-tasks-web,synthetic-location,location,ext_serpil-avci,ext_headache_serpil_avci_2_web_10fps_p50,ext_headache_serpil_avci_2_web_10fps_p50
syn_stomachache_location_0033,stomachache,31,,SYNTHETIC,location,syn_ext_serpil-avci,derived_from_sources,train,,processed/synthetic_health/landmark46-v1/syn_stomachache_location_0033.npz,approved,trainable,true,standard,synthetic,synthetic,stomachache,mediapipe-tasks-web,synthetic-location,location,ext_serpil-avci,ext_headache_serpil_avci_2_web_10fps_p50,ext_headache_serpil_avci_2_web_10fps_p50
syn_stomachache_location_0034,stomachache,31,,SYNTHETIC,location,syn_ext_serpil-avci,derived_from_sources,train,,processed/synthetic_health/landmark46-v1/syn_stomachache_location_0034.npz,approved,trainable,true,standard,synthetic,synthetic,stomachache,mediapipe-tasks-web,synthetic-location,location,ext_serpil-avci,ext_headache_serpil_avci_2_web_25fps_p0,ext_headache_serpil_avci_2_web_25fps_p0
syn_stomachache_location_0035,stomachache,31,,SYNTHETIC,location,syn_ext_serpil-avci,derived_from_sources,train,,processed/synthetic_health/landmark46-v1/syn_stomachache_location_0035.npz,approved,trainable,true,standard,synthetic,synthetic,stomachache,mediapipe-tasks-web,synthetic-location,location,ext_serpil-avci,ext_headache_serpil_avci_2_web_25fps_p0,ext_headache_serpil_avci_2_web_25fps_p0
syn_stomachache_location_0036,stomachache,31,,SYNTHETIC,location,syn_ext_serpil-avci,derived_from_sources,train,,processed/synthetic_health/landmark46-v1/syn_stomachache_location_0036.npz,approved,trainable,true,standard,synthetic,synthetic,stomachache,mediapipe-tasks-web,synthetic-location,location,ext_serpil-avci,ext_headache_serpil_avci_2_web_25fps_p0,ext_headache_serpil_avci_2_web_25fps_p0
syn_stomachache_location_0037,stomachache,31,,SYNTHETIC,location,syn_ext_sozluk-b,derived_from_sources,train,,processed/synthetic_health/landmark46-v1/syn_stomachache_location_0037.npz,approved,trainable,true,standard,synthetic,synthetic,stomachache,mediapipe-holistic-legacy,synthetic-location,location,ext_sozluk-b,ext_headache_sozluk_b_1_legacy,ext_headache_sozluk_b_1_legacy
syn_stomachache_location_0038,stomachache,31,,SYNTHETIC,location,syn_ext_sozluk-b,derived_from_sources,train,,processed/synthetic_health/landmark46-v1/syn_stomachache_location_0038.npz,approved,trainable,true,standard,synthetic,synthetic,stomachache,mediapipe-holistic-legacy,synthetic-location,location,ext_sozluk-b,ext_headache_sozluk_b_1_legacy,ext_headache_sozluk_b_1_legacy
syn_stomachache_location_0039,stomachache,31,,SYNTHETIC,location,syn_ext_sozluk-b,derived_from_sources,train,,processed/synthetic_health/landmark46-v1/syn_stomachache_location_0039.npz,approved,trainable,true,standard,synthetic,synthetic,stomachache,mediapipe-holistic-legacy,synthetic-location,location,ext_sozluk-b,ext_headache_sozluk_b_1_legacy,ext_headache_sozluk_b_1_legacy
syn_stomachache_location_0040,stomachache,31,,SYNTHETIC,location,syn_ext_sozluk-b,derived_from_sources,train,,processed/synthetic_health/landmark46-v1/syn_stomachache_location_0040.npz,approved,trainable,true,standard,synthetic,synthetic,stomachache,mediapipe-tasks-web,synthetic-location,location,ext_sozluk-b,ext_headache_sozluk_b_1_web_10fps_p0,ext_headache_sozluk_b_1_web_10fps_p0
syn_stomachache_location_0041,stomachache,31,,SYNTHETIC,location,syn_ext_sozluk-b,derived_from_sources,train,,processed/synthetic_health/landmark46-v1/syn_stomachache_location_0041.npz,approved,trainable,true,standard,synthetic,synthetic,stomachache,mediapipe-tasks-web,synthetic-location,location,ext_sozluk-b,ext_headache_sozluk_b_1_web_10fps_p0,ext_headache_sozluk_b_1_web_10fps_p0
syn_stomachache_location_0042,stomachache,31,,SYNTHETIC,location,syn_ext_sozluk-b,derived_from_sources,train,,processed/synthetic_health/landmark46-v1/syn_stomachache_location_0042.npz,approved,trainable,true,standard,synthetic,synthetic,stomachache,mediapipe-tasks-web,synthetic-location,location,ext_sozluk-b,ext_headache_sozluk_b_1_web_10fps_p0,ext_headache_sozluk_b_1_web_10fps_p0
syn_stomachache_location_0043,stomachache,31,,SYNTHETIC,location,syn_ext_sozluk-b,derived_from_sources,train,,processed/synthetic_health/landmark46-v1/syn_stomachache_location_0043.npz,approved,trainable,true,standard,synthetic,synthetic,stomachache,mediapipe-tasks-web,synthetic-location,location,ext_sozluk-b,ext_headache_sozluk_b_1_web_10fps_p50,ext_headache_sozluk_b_1_web_10fps_p50
syn_stomachache_location_0044,stomachache,31,,SYNTHETIC,location,syn_ext_sozluk-b,derived_from_sources,train,,processed/synthetic_health/landmark46-v1/syn_stomachache_location_0044.npz,approved,trainable,true,standard,synthetic,synthetic,stomachache,mediapipe-tasks-web,synthetic-location,location,ext_sozluk-b,ext_headache_sozluk_b_1_web_10fps_p50,ext_headache_sozluk_b_1_web_10fps_p50
syn_stomachache_location_0045,stomachache,31,,SYNTHETIC,location,syn_ext_sozluk-b,derived_from_sources,train,,processed/synthetic_health/landmark46-v1/syn_stomachache_location_0045.npz,approved,trainable,true,standard,synthetic,synthetic,stomachache,mediapipe-tasks-web,synthetic-location,location,ext_sozluk-b,ext_headache_sozluk_b_1_web_10fps_p50,ext_headache_sozluk_b_1_web_10fps_p50
syn_stomachache_location_0046,stomachache,31,,SYNTHETIC,location,syn_ext_sozluk-b,derived_from_sources,train,,processed/synthetic_health/landmark46-v1/syn_stomachache_location_0046.npz,approved,trainable,true,standard,synthetic,synthetic,stomachache,mediapipe-tasks-web,synthetic-location,location,ext_sozluk-b,ext_headache_sozluk_b_1_web_25fps_p0,ext_headache_sozluk_b_1_web_25fps_p0
syn_stomachache_location_0047,stomachache,31,,SYNTHETIC,location,syn_ext_sozluk-b,derived_from_sources,train,,processed/synthetic_health/landmark46-v1/syn_stomachache_location_0047.npz,approved,trainable,true,standard,synthetic,synthetic,stomachache,mediapipe-tasks-web,synthetic-location,location,ext_sozluk-b,ext_headache_sozluk_b_1_web_25fps_p0,ext_headache_sozluk_b_1_web_25fps_p0
syn_stomachache_location_0048,stomachache,31,,SYNTHETIC,location,syn_ext_sozluk-b,derived_from_sources,train,,processed/synthetic_health/landmark46-v1/syn_stomachache_location_0048.npz,approved,trainable,true,standard,synthetic,synthetic,stomachache,mediapipe-tasks-web,synthetic-location,location,ext_sozluk-b,ext_headache_sozluk_b_1_web_25fps_p0,ext_headache_sozluk_b_1_web_25fps_p0
syn_stomachache_location_0049,stomachache,31,,SYNTHETIC,location,syn_ext_sozluk-b,derived_from_sources,train,,processed/synthetic_health/landmark46-v1/syn_stomachache_location_0049.npz,approved,trainable,true,standard,synthetic,synthetic,stomachache,mediapipe-holistic-legacy,synthetic-location,location,ext_sozluk-b,ext_headache_sozluk_b_2_legacy,ext_headache_sozluk_b_2_legacy
syn_stomachache_location_0050,stomachache,31,,SYNTHETIC,location,syn_ext_sozluk-b,derived_from_sources,train,,processed/synthetic_health/landmark46-v1/syn_stomachache_location_0050.npz,approved,trainable,true,standard,synthetic,synthetic,stomachache,mediapipe-holistic-legacy,synthetic-location,location,ext_sozluk-b,ext_headache_sozluk_b_2_legacy,ext_headache_sozluk_b_2_legacy
syn_stomachache_location_0051,stomachache,31,,SYNTHETIC,location,syn_ext_sozluk-b,derived_from_sources,train,,processed/synthetic_health/landmark46-v1/syn_stomachache_location_0051.npz,approved,trainable,true,standard,synthetic,synthetic,stomachache,mediapipe-holistic-legacy,synthetic-location,location,ext_sozluk-b,ext_headache_sozluk_b_2_legacy,ext_headache_sozluk_b_2_legacy
syn_stomachache_location_0052,stomachache,31,,SYNTHETIC,location,syn_ext_sozluk-b,derived_from_sources,train,,processed/synthetic_health/landmark46-v1/syn_stomachache_location_0052.npz,approved,trainable,true,standard,synthetic,synthetic,stomachache,mediapipe-tasks-web,synthetic-location,location,ext_sozluk-b,ext_headache_sozluk_b_2_web_10fps_p0,ext_headache_sozluk_b_2_web_10fps_p0
syn_stomachache_location_0053,stomachache,31,,SYNTHETIC,location,syn_ext_sozluk-b,derived_from_sources,train,,processed/synthetic_health/landmark46-v1/syn_stomachache_location_0053.npz,approved,trainable,true,standard,synthetic,synthetic,stomachache,mediapipe-tasks-web,synthetic-location,location,ext_sozluk-b,ext_headache_sozluk_b_2_web_10fps_p0,ext_headache_sozluk_b_2_web_10fps_p0
syn_stomachache_location_0054,stomachache,31,,SYNTHETIC,location,syn_ext_sozluk-b,derived_from_sources,train,,processed/synthetic_health/landmark46-v1/syn_stomachache_location_0054.npz,approved,trainable,true,standard,synthetic,synthetic,stomachache,mediapipe-tasks-web,synthetic-location,location,ext_sozluk-b,ext_headache_sozluk_b_2_web_10fps_p0,ext_headache_sozluk_b_2_web_10fps_p0
syn_stomachache_location_0055,stomachache,31,,SYNTHETIC,location,syn_ext_sozluk-b,derived_from_sources,train,,processed/synthetic_health/landmark46-v1/syn_stomachache_location_0055.npz,approved,trainable,true,standard,synthetic,synthetic,stomachache,mediapipe-tasks-web,synthetic-location,location,ext_sozluk-b,ext_headache_sozluk_b_2_web_10fps_p50,ext_headache_sozluk_b_2_web_10fps_p50
syn_stomachache_location_0056,stomachache,31,,SYNTHETIC,location,syn_ext_sozluk-b,derived_from_sources,train,,processed/synthetic_health/landmark46-v1/syn_stomachache_location_0056.npz,approved,trainable,true,standard,synthetic,synthetic,stomachache,mediapipe-tasks-web,synthetic-location,location,ext_sozluk-b,ext_headache_sozluk_b_2_web_10fps_p50,ext_headache_sozluk_b_2_web_10fps_p50
syn_stomachache_location_0057,stomachache,31,,SYNTHETIC,location,syn_ext_sozluk-b,derived_from_sources,train,,processed/synthetic_health/landmark46-v1/syn_stomachache_location_0057.npz,approved,trainable,true,standard,synthetic,synthetic,stomachache,mediapipe-tasks-web,synthetic-location,location,ext_sozluk-b,ext_headache_sozluk_b_2_web_10fps_p50,ext_headache_sozluk_b_2_web_10fps_p50
syn_stomachache_location_0058,stomachache,31,,SYNTHETIC,location,syn_ext_sozluk-b,derived_from_sources,train,,processed/synthetic_health/landmark46-v1/syn_stomachache_location_0058.npz,approved,trainable,true,standard,synthetic,synthetic,stomachache,mediapipe-tasks-web,synthetic-location,location,ext_sozluk-b,ext_headache_sozluk_b_2_web_25fps_p0,ext_headache_sozluk_b_2_web_25fps_p0
syn_stomachache_location_0059,stomachache,31,,SYNTHETIC,location,syn_ext_sozluk-b,derived_from_sources,train,,processed/synthetic_health/landmark46-v1/syn_stomachache_location_0059.npz,approved,trainable,true,standard,synthetic,synthetic,stomachache,mediapipe-tasks-web,synthetic-location,location,ext_sozluk-b,ext_headache_sozluk_b_2_web_25fps_p0,ext_headache_sozluk_b_2_web_25fps_p0
syn_stomachache_location_0060,stomachache,31,,SYNTHETIC,location,syn_ext_sozluk-b,derived_from_sources,train,,processed/synthetic_health/landmark46-v1/syn_stomachache_location_0060.npz,approved,trainable,true,standard,synthetic,synthetic,stomachache,mediapipe-tasks-web,synthetic-location,location,ext_sozluk-b,ext_headache_sozluk_b_2_web_25fps_p0,ext_headache_sozluk_b_2_web_25fps_p0
syn_stomachache_location_0061,stomachache,31,,SYNTHETIC,location,syn_ext_turkcell-akademi,derived_from_sources,train,,processed/synthetic_health/landmark46-v1/syn_stomachache_location_0061.npz,approved,trainable,true,standard,synthetic,synthetic,stomachache,mediapipe-holistic-legacy,synthetic-location,location,ext_turkcell-akademi,ext_headache_turkcell_akademi_1_legacy,ext_headache_turkcell_akademi_1_legacy
syn_stomachache_location_0062,stomachache,31,,SYNTHETIC,location,syn_ext_turkcell-akademi,derived_from_sources,train,,processed/synthetic_health/landmark46-v1/syn_stomachache_location_0062.npz,approved,trainable,true,standard,synthetic,synthetic,stomachache,mediapipe-holistic-legacy,synthetic-location,location,ext_turkcell-akademi,ext_headache_turkcell_akademi_1_legacy,ext_headache_turkcell_akademi_1_legacy
syn_stomachache_location_0063,stomachache,31,,SYNTHETIC,location,syn_ext_turkcell-akademi,derived_from_sources,train,,processed/synthetic_health/landmark46-v1/syn_stomachache_location_0063.npz,approved,trainable,true,standard,synthetic,synthetic,stomachache,mediapipe-holistic-legacy,synthetic-location,location,ext_turkcell-akademi,ext_headache_turkcell_akademi_1_legacy,ext_headache_turkcell_akademi_1_legacy
syn_stomachache_location_0064,stomachache,31,,SYNTHETIC,location,syn_ext_turkcell-akademi,derived_from_sources,train,,processed/synthetic_health/landmark46-v1/syn_stomachache_location_0064.npz,approved,trainable,true,standard,synthetic,synthetic,stomachache,mediapipe-tasks-web,synthetic-location,location,ext_turkcell-akademi,ext_headache_turkcell_akademi_1_web_10fps_p0,ext_headache_turkcell_akademi_1_web_10fps_p0
syn_stomachache_location_0065,stomachache,31,,SYNTHETIC,location,syn_ext_turkcell-akademi,derived_from_sources,train,,processed/synthetic_health/landmark46-v1/syn_stomachache_location_0065.npz,approved,trainable,true,standard,synthetic,synthetic,stomachache,mediapipe-tasks-web,synthetic-location,location,ext_turkcell-akademi,ext_headache_turkcell_akademi_1_web_10fps_p0,ext_headache_turkcell_akademi_1_web_10fps_p0
syn_stomachache_location_0066,stomachache,31,,SYNTHETIC,location,syn_ext_turkcell-akademi,derived_from_sources,train,,processed/synthetic_health/landmark46-v1/syn_stomachache_location_0066.npz,approved,trainable,true,standard,synthetic,synthetic,stomachache,mediapipe-tasks-web,synthetic-location,location,ext_turkcell-akademi,ext_headache_turkcell_akademi_1_web_10fps_p0,ext_headache_turkcell_akademi_1_web_10fps_p0
syn_stomachache_location_0067,stomachache,31,,SYNTHETIC,location,syn_ext_turkcell-akademi,derived_from_sources,train,,processed/synthetic_health/landmark46-v1/syn_stomachache_location_0067.npz,approved,trainable,true,standard,synthetic,synthetic,stomachache,mediapipe-tasks-web,synthetic-location,location,ext_turkcell-akademi,ext_headache_turkcell_akademi_1_web_10fps_p50,ext_headache_turkcell_akademi_1_web_10fps_p50
syn_stomachache_location_0068,stomachache,31,,SYNTHETIC,location,syn_ext_turkcell-akademi,derived_from_sources,train,,processed/synthetic_health/landmark46-v1/syn_stomachache_location_0068.npz,approved,trainable,true,standard,synthetic,synthetic,stomachache,mediapipe-tasks-web,synthetic-location,location,ext_turkcell-akademi,ext_headache_turkcell_akademi_1_web_10fps_p50,ext_headache_turkcell_akademi_1_web_10fps_p50
syn_stomachache_location_0069,stomachache,31,,SYNTHETIC,location,syn_ext_turkcell-akademi,derived_from_sources,train,,processed/synthetic_health/landmark46-v1/syn_stomachache_location_0069.npz,approved,trainable,true,standard,synthetic,synthetic,stomachache,mediapipe-tasks-web,synthetic-location,location,ext_turkcell-akademi,ext_headache_turkcell_akademi_1_web_10fps_p50,ext_headache_turkcell_akademi_1_web_10fps_p50
syn_stomachache_location_0070,stomachache,31,,SYNTHETIC,location,syn_ext_turkcell-akademi,derived_from_sources,train,,processed/synthetic_health/landmark46-v1/syn_stomachache_location_0070.npz,approved,trainable,true,standard,synthetic,synthetic,stomachache,mediapipe-tasks-web,synthetic-location,location,ext_turkcell-akademi,ext_headache_turkcell_akademi_1_web_25fps_p0,ext_headache_turkcell_akademi_1_web_25fps_p0
syn_stomachache_location_0071,stomachache,31,,SYNTHETIC,location,syn_ext_turkcell-akademi,derived_from_sources,train,,processed/synthetic_health/landmark46-v1/syn_stomachache_location_0071.npz,approved,trainable,true,standard,synthetic,synthetic,stomachache,mediapipe-tasks-web,synthetic-location,location,ext_turkcell-akademi,ext_headache_turkcell_akademi_1_web_25fps_p0,ext_headache_turkcell_akademi_1_web_25fps_p0
syn_stomachache_location_0072,stomachache,31,,SYNTHETIC,location,syn_ext_turkcell-akademi,derived_from_sources,train,,processed/synthetic_health/landmark46-v1/syn_stomachache_location_0072.npz,approved,trainable,true,standard,synthetic,synthetic,stomachache,mediapipe-tasks-web,synthetic-location,location,ext_turkcell-akademi,ext_headache_turkcell_akademi_1_web_25fps_p0,ext_headache_turkcell_akademi_1_web_25fps_p0
syn_stomachache_handshape_0073,stomachache,31,,SYNTHETIC,handshape,syn_ext_emrah-uresin,derived_from_sources,train,,processed/synthetic_health/landmark46-v1/syn_stomachache_handshape_0073.npz,approved,trainable,true,standard,synthetic,synthetic,stomachache,mediapipe-holistic-legacy,synthetic-handshape,handshape,ext_emrah-uresin,ext_shortness_of_breath_emrah_uresin_1_legacy,ext_stomachache_ezgi_tutkun_1_legacy
syn_stomachache_handshape_0074,stomachache,31,,SYNTHETIC,handshape,syn_ext_emrah-uresin,derived_from_sources,train,,processed/synthetic_health/landmark46-v1/syn_stomachache_handshape_0074.npz,approved,trainable,true,standard,synthetic,synthetic,stomachache,mediapipe-tasks-web,synthetic-handshape,handshape,ext_emrah-uresin,ext_shortness_of_breath_emrah_uresin_1_web_10fps_p50,ext_stomachache_ezgi_tutkun_1_legacy
syn_stomachache_handshape_0075,stomachache,31,,SYNTHETIC,handshape,syn_ext_emrah-uresin,derived_from_sources,train,,processed/synthetic_health/landmark46-v1/syn_stomachache_handshape_0075.npz,approved,trainable,true,standard,synthetic,synthetic,stomachache,mediapipe-tasks-web,synthetic-handshape,handshape,ext_emrah-uresin,ext_shortness_of_breath_emrah_uresin_2_web_10fps_p50,ext_stomachache_ezgi_tutkun_1_legacy
syn_stomachache_handshape_0076,stomachache,31,,SYNTHETIC,handshape,syn_ext_emrah-uresin,derived_from_sources,train,,processed/synthetic_health/landmark46-v1/syn_stomachache_handshape_0076.npz,approved,trainable,true,standard,synthetic,synthetic,stomachache,mediapipe-tasks-web,synthetic-handshape,handshape,ext_emrah-uresin,ext_shortness_of_breath_emrah_uresin_2_web_10fps_p50,ext_stomachache_ezgi_tutkun_1_web_10fps_p0
syn_stomachache_handshape_0077,stomachache,31,,SYNTHETIC,handshape,syn_ext_emrah-uresin,derived_from_sources,train,,processed/synthetic_health/landmark46-v1/syn_stomachache_handshape_0077.npz,approved,trainable,true,standard,synthetic,synthetic,stomachache,mediapipe-tasks-web,synthetic-handshape,handshape,ext_emrah-uresin,ext_shortness_of_breath_emrah_uresin_1_web_25fps_p0,ext_stomachache_ezgi_tutkun_1_web_10fps_p0
syn_stomachache_handshape_0078,stomachache,31,,SYNTHETIC,handshape,syn_ext_emrah-uresin,derived_from_sources,train,,processed/synthetic_health/landmark46-v1/syn_stomachache_handshape_0078.npz,approved,trainable,true,standard,synthetic,synthetic,stomachache,mediapipe-tasks-web,synthetic-handshape,handshape,ext_emrah-uresin,ext_shortness_of_breath_emrah_uresin_1_web_10fps_p0,ext_stomachache_ezgi_tutkun_1_web_10fps_p0
syn_stomachache_handshape_0079,stomachache,31,,SYNTHETIC,handshape,syn_ext_emrah-uresin,derived_from_sources,train,,processed/synthetic_health/landmark46-v1/syn_stomachache_handshape_0079.npz,approved,trainable,true,standard,synthetic,synthetic,stomachache,mediapipe-tasks-web,synthetic-handshape,handshape,ext_emrah-uresin,ext_shortness_of_breath_emrah_uresin_1_web_10fps_p0,ext_stomachache_ezgi_tutkun_1_web_10fps_p50
syn_stomachache_handshape_0080,stomachache,31,,SYNTHETIC,handshape,syn_ext_emrah-uresin,derived_from_sources,train,,processed/synthetic_health/landmark46-v1/syn_stomachache_handshape_0080.npz,approved,trainable,true,standard,synthetic,synthetic,stomachache,mediapipe-holistic-legacy,synthetic-handshape,handshape,ext_emrah-uresin,ext_shortness_of_breath_emrah_uresin_1_legacy,ext_stomachache_ezgi_tutkun_1_web_10fps_p50
syn_stomachache_handshape_0081,stomachache,31,,SYNTHETIC,handshape,syn_ext_emrah-uresin,derived_from_sources,train,,processed/synthetic_health/landmark46-v1/syn_stomachache_handshape_0081.npz,approved,trainable,true,standard,synthetic,synthetic,stomachache,mediapipe-tasks-web,synthetic-handshape,handshape,ext_emrah-uresin,ext_shortness_of_breath_emrah_uresin_1_web_25fps_p0,ext_stomachache_ezgi_tutkun_1_web_10fps_p50
syn_stomachache_handshape_0082,stomachache,31,,SYNTHETIC,handshape,syn_ext_emrah-uresin,derived_from_sources,train,,processed/synthetic_health/landmark46-v1/syn_stomachache_handshape_0082.npz,approved,trainable,true,standard,synthetic,synthetic,stomachache,mediapipe-holistic-legacy,synthetic-handshape,handshape,ext_emrah-uresin,ext_shortness_of_breath_emrah_uresin_2_legacy,ext_stomachache_ezgi_tutkun_1_web_25fps_p0
syn_stomachache_handshape_0083,stomachache,31,,SYNTHETIC,handshape,syn_ext_emrah-uresin,derived_from_sources,train,,processed/synthetic_health/landmark46-v1/syn_stomachache_handshape_0083.npz,approved,trainable,true,standard,synthetic,synthetic,stomachache,mediapipe-tasks-web,synthetic-handshape,handshape,ext_emrah-uresin,ext_shortness_of_breath_emrah_uresin_1_web_10fps_p50,ext_stomachache_ezgi_tutkun_1_web_25fps_p0
syn_stomachache_handshape_0084,stomachache,31,,SYNTHETIC,handshape,syn_ext_emrah-uresin,derived_from_sources,train,,processed/synthetic_health/landmark46-v1/syn_stomachache_handshape_0084.npz,approved,trainable,true,standard,synthetic,synthetic,stomachache,mediapipe-holistic-legacy,synthetic-handshape,handshape,ext_emrah-uresin,ext_shortness_of_breath_emrah_uresin_1_legacy,ext_stomachache_ezgi_tutkun_1_web_25fps_p0
syn_stomachache_handshape_0085,stomachache,31,,SYNTHETIC,handshape,syn_ext_emrah-uresin,derived_from_sources,train,,processed/synthetic_health/landmark46-v1/syn_stomachache_handshape_0085.npz,approved,trainable,true,standard,synthetic,synthetic,stomachache,mediapipe-holistic-legacy,synthetic-handshape,handshape,ext_emrah-uresin,ext_shortness_of_breath_emrah_uresin_2_legacy,ext_stomachache_spreadthesign_1_legacy
syn_stomachache_handshape_0086,stomachache,31,,SYNTHETIC,handshape,syn_ext_emrah-uresin,derived_from_sources,train,,processed/synthetic_health/landmark46-v1/syn_stomachache_handshape_0086.npz,approved,trainable,true,standard,synthetic,synthetic,stomachache,mediapipe-tasks-web,synthetic-handshape,handshape,ext_emrah-uresin,ext_shortness_of_breath_emrah_uresin_2_web_10fps_p50,ext_stomachache_spreadthesign_1_legacy
syn_stomachache_handshape_0087,stomachache,31,,SYNTHETIC,handshape,syn_ext_emrah-uresin,derived_from_sources,train,,processed/synthetic_health/landmark46-v1/syn_stomachache_handshape_0087.npz,approved,trainable,true,standard,synthetic,synthetic,stomachache,mediapipe-holistic-legacy,synthetic-handshape,handshape,ext_emrah-uresin,ext_shortness_of_breath_emrah_uresin_1_legacy,ext_stomachache_spreadthesign_1_legacy
syn_stomachache_handshape_0088,stomachache,31,,SYNTHETIC,handshape,syn_ext_emrah-uresin,derived_from_sources,train,,processed/synthetic_health/landmark46-v1/syn_stomachache_handshape_0088.npz,approved,trainable,true,standard,synthetic,synthetic,stomachache,mediapipe-holistic-legacy,synthetic-handshape,handshape,ext_emrah-uresin,ext_shortness_of_breath_emrah_uresin_1_legacy,ext_stomachache_spreadthesign_1_web_10fps_p0
syn_stomachache_handshape_0089,stomachache,31,,SYNTHETIC,handshape,syn_ext_emrah-uresin,derived_from_sources,train,,processed/synthetic_health/landmark46-v1/syn_stomachache_handshape_0089.npz,approved,trainable,true,standard,synthetic,synthetic,stomachache,mediapipe-tasks-web,synthetic-handshape,handshape,ext_emrah-uresin,ext_shortness_of_breath_emrah_uresin_1_web_10fps_p50,ext_stomachache_spreadthesign_1_web_10fps_p0
syn_stomachache_handshape_0090,stomachache,31,,SYNTHETIC,handshape,syn_ext_emrah-uresin,derived_from_sources,train,,processed/synthetic_health/landmark46-v1/syn_stomachache_handshape_0090.npz,approved,trainable,true,standard,synthetic,synthetic,stomachache,mediapipe-tasks-web,synthetic-handshape,handshape,ext_emrah-uresin,ext_shortness_of_breath_emrah_uresin_2_web_10fps_p50,ext_stomachache_spreadthesign_1_web_10fps_p0
syn_stomachache_handshape_0091,stomachache,31,,SYNTHETIC,handshape,syn_ext_emrah-uresin,derived_from_sources,train,,processed/synthetic_health/landmark46-v1/syn_stomachache_handshape_0091.npz,approved,trainable,true,standard,synthetic,synthetic,stomachache,mediapipe-tasks-web,synthetic-handshape,handshape,ext_emrah-uresin,ext_shortness_of_breath_emrah_uresin_2_web_10fps_p50,ext_stomachache_spreadthesign_1_web_10fps_p50
syn_stomachache_handshape_0092,stomachache,31,,SYNTHETIC,handshape,syn_ext_emrah-uresin,derived_from_sources,train,,processed/synthetic_health/landmark46-v1/syn_stomachache_handshape_0092.npz,approved,trainable,true,standard,synthetic,synthetic,stomachache,mediapipe-holistic-legacy,synthetic-handshape,handshape,ext_emrah-uresin,ext_shortness_of_breath_emrah_uresin_2_legacy,ext_stomachache_spreadthesign_1_web_10fps_p50
syn_stomachache_handshape_0093,stomachache,31,,SYNTHETIC,handshape,syn_ext_emrah-uresin,derived_from_sources,train,,processed/synthetic_health/landmark46-v1/syn_stomachache_handshape_0093.npz,approved,trainable,true,standard,synthetic,synthetic,stomachache,mediapipe-tasks-web,synthetic-handshape,handshape,ext_emrah-uresin,ext_shortness_of_breath_emrah_uresin_1_web_10fps_p0,ext_stomachache_spreadthesign_1_web_10fps_p50
syn_stomachache_handshape_0094,stomachache,31,,SYNTHETIC,handshape,syn_ext_emrah-uresin,derived_from_sources,train,,processed/synthetic_health/landmark46-v1/syn_stomachache_handshape_0094.npz,approved,trainable,true,standard,synthetic,synthetic,stomachache,mediapipe-holistic-legacy,synthetic-handshape,handshape,ext_emrah-uresin,ext_shortness_of_breath_emrah_uresin_2_legacy,ext_stomachache_spreadthesign_1_web_25fps_p0
syn_stomachache_handshape_0095,stomachache,31,,SYNTHETIC,handshape,syn_ext_emrah-uresin,derived_from_sources,train,,processed/synthetic_health/landmark46-v1/syn_stomachache_handshape_0095.npz,approved,trainable,true,standard,synthetic,synthetic,stomachache,mediapipe-tasks-web,synthetic-handshape,handshape,ext_emrah-uresin,ext_shortness_of_breath_emrah_uresin_1_web_25fps_p0,ext_stomachache_spreadthesign_1_web_25fps_p0
syn_stomachache_handshape_0096,stomachache,31,,SYNTHETIC,handshape,syn_ext_emrah-uresin,derived_from_sources,train,,processed/synthetic_health/landmark46-v1/syn_stomachache_handshape_0096.npz,approved,trainable,true,standard,synthetic,synthetic,stomachache,mediapipe-tasks-web,synthetic-handshape,handshape,ext_emrah-uresin,ext_shortness_of_breath_emrah_uresin_1_web_10fps_p0,ext_stomachache_spreadthesign_1_web_25fps_p0
syn_stomachache_handshape_0097,stomachache,31,,SYNTHETIC,handshape,syn_meb_official_01,derived_from_sources,train,,processed/synthetic_health/landmark46-v1/syn_stomachache_handshape_0097.npz,approved,trainable,true,standard,synthetic,synthetic,stomachache,mediapipe-holistic-legacy,synthetic-handshape,handshape,meb_official_01,meb_kalp_krizi_health01,ext_stomachache_ezgi_tutkun_1_legacy
syn_stomachache_handshape_0098,stomachache,31,,SYNTHETIC,handshape,syn_ext_emrah-uresin,derived_from_sources,train,,processed/synthetic_health/landmark46-v1/syn_stomachache_handshape_0098.npz,approved,trainable,true,standard,synthetic,synthetic,stomachache,mediapipe-tasks-web,synthetic-handshape,handshape,ext_emrah-uresin,ext_heart_attack_emrah_uresin_1_web_10fps_p0,ext_stomachache_ezgi_tutkun_1_legacy
syn_stomachache_handshape_0099,stomachache,31,,SYNTHETIC,handshape,syn_ext_emrah-uresin,derived_from_sources,train,,processed/synthetic_health/landmark46-v1/syn_stomachache_handshape_0099.npz,approved,trainable,true,standard,synthetic,synthetic,stomachache,mediapipe-holistic-legacy,synthetic-handshape,handshape,ext_emrah-uresin,ext_heart_attack_emrah_uresin_1_legacy,ext_stomachache_ezgi_tutkun_1_legacy
syn_stomachache_handshape_0100,stomachache,31,,SYNTHETIC,handshape,syn_ext_sozluk-a,derived_from_sources,train,,processed/synthetic_health/landmark46-v1/syn_stomachache_handshape_0100.npz,approved,trainable,true,standard,synthetic,synthetic,stomachache,mediapipe-tasks-web,synthetic-handshape,handshape,ext_sozluk-a,ext_heart_attack_sozluk_a_1_web_10fps_p0,ext_stomachache_ezgi_tutkun_1_web_10fps_p0
syn_stomachache_handshape_0101,stomachache,31,,SYNTHETIC,handshape,syn_ext_sozluk-a,derived_from_sources,train,,processed/synthetic_health/landmark46-v1/syn_stomachache_handshape_0101.npz,approved,trainable,true,standard,synthetic,synthetic,stomachache,mediapipe-tasks-web,synthetic-handshape,handshape,ext_sozluk-a,ext_heart_attack_sozluk_a_2_web_25fps_p0,ext_stomachache_ezgi_tutkun_1_web_10fps_p0
syn_stomachache_handshape_0102,stomachache,31,,SYNTHETIC,handshape,syn_meb_official_01,derived_from_sources,train,,processed/synthetic_health/landmark46-v1/syn_stomachache_handshape_0102.npz,approved,trainable,true,standard,synthetic,synthetic,stomachache,mediapipe-tasks-web,synthetic-handshape,handshape,meb_official_01,meb_kalp_krizi_web_25fps_p0,ext_stomachache_ezgi_tutkun_1_web_10fps_p0
syn_stomachache_handshape_0103,stomachache,31,,SYNTHETIC,handshape,syn_ext_emrah-uresin,derived_from_sources,train,,processed/synthetic_health/landmark46-v1/syn_stomachache_handshape_0103.npz,approved,trainable,true,standard,synthetic,synthetic,stomachache,mediapipe-holistic-legacy,synthetic-handshape,handshape,ext_emrah-uresin,ext_heart_attack_emrah_uresin_1_legacy,ext_stomachache_ezgi_tutkun_1_web_10fps_p50
syn_stomachache_handshape_0104,stomachache,31,,SYNTHETIC,handshape,syn_meb_official_01,derived_from_sources,train,,processed/synthetic_health/landmark46-v1/syn_stomachache_handshape_0104.npz,approved,trainable,true,standard,synthetic,synthetic,stomachache,mediapipe-tasks-web,synthetic-handshape,handshape,meb_official_01,meb_kalp_krizi_web_10fps_p0,ext_stomachache_ezgi_tutkun_1_web_10fps_p50
syn_stomachache_handshape_0105,stomachache,31,,SYNTHETIC,handshape,syn_ext_emrah-uresin,derived_from_sources,train,,processed/synthetic_health/landmark46-v1/syn_stomachache_handshape_0105.npz,approved,trainable,true,standard,synthetic,synthetic,stomachache,mediapipe-tasks-web,synthetic-handshape,handshape,ext_emrah-uresin,ext_heart_attack_emrah_uresin_1_web_10fps_p0,ext_stomachache_ezgi_tutkun_1_web_10fps_p50
syn_stomachache_handshape_0106,stomachache,31,,SYNTHETIC,handshape,syn_ext_ahmet-tombul,derived_from_sources,train,,processed/synthetic_health/landmark46-v1/syn_stomachache_handshape_0106.npz,approved,trainable,true,standard,synthetic,synthetic,stomachache,mediapipe-holistic-legacy,synthetic-handshape,handshape,ext_ahmet-tombul,ext_heart_attack_ahmet_tombul_1_legacy,ext_stomachache_ezgi_tutkun_1_web_25fps_p0
syn_stomachache_handshape_0107,stomachache,31,,SYNTHETIC,handshape,syn_ext_sozluk-a,derived_from_sources,train,,processed/synthetic_health/landmark46-v1/syn_stomachache_handshape_0107.npz,approved,trainable,true,standard,synthetic,synthetic,stomachache,mediapipe-holistic-legacy,synthetic-handshape,handshape,ext_sozluk-a,ext_heart_attack_sozluk_a_2_legacy,ext_stomachache_ezgi_tutkun_1_web_25fps_p0
syn_stomachache_handshape_0108,stomachache,31,,SYNTHETIC,handshape,syn_ext_ahmet-tombul,derived_from_sources,train,,processed/synthetic_health/landmark46-v1/syn_stomachache_handshape_0108.npz,approved,trainable,true,standard,synthetic,synthetic,stomachache,mediapipe-tasks-web,synthetic-handshape,handshape,ext_ahmet-tombul,ext_heart_attack_ahmet_tombul_1_web_10fps_p0,ext_stomachache_ezgi_tutkun_1_web_25fps_p0
syn_stomachache_handshape_0109,stomachache,31,,SYNTHETIC,handshape,syn_ext_ahmet-tombul,derived_from_sources,train,,processed/synthetic_health/landmark46-v1/syn_stomachache_handshape_0109.npz,approved,trainable,true,standard,synthetic,synthetic,stomachache,mediapipe-tasks-web,synthetic-handshape,handshape,ext_ahmet-tombul,ext_heart_attack_ahmet_tombul_1_web_25fps_p0,ext_stomachache_spreadthesign_1_legacy
syn_stomachache_handshape_0110,stomachache,31,,SYNTHETIC,handshape,syn_ext_emrah-uresin,derived_from_sources,train,,processed/synthetic_health/landmark46-v1/syn_stomachache_handshape_0110.npz,approved,trainable,true,standard,synthetic,synthetic,stomachache,mediapipe-tasks-web,synthetic-handshape,handshape,ext_emrah-uresin,ext_heart_attack_emrah_uresin_1_web_10fps_p0,ext_stomachache_spreadthesign_1_legacy
syn_stomachache_handshape_0111,stomachache,31,,SYNTHETIC,handshape,syn_ext_sozluk-a,derived_from_sources,train,,processed/synthetic_health/landmark46-v1/syn_stomachache_handshape_0111.npz,approved,trainable,true,standard,synthetic,synthetic,stomachache,mediapipe-tasks-web,synthetic-handshape,handshape,ext_sozluk-a,ext_heart_attack_sozluk_a_2_web_10fps_p0,ext_stomachache_spreadthesign_1_legacy
syn_stomachache_handshape_0112,stomachache,31,,SYNTHETIC,handshape,syn_ext_sozluk-a,derived_from_sources,train,,processed/synthetic_health/landmark46-v1/syn_stomachache_handshape_0112.npz,approved,trainable,true,standard,synthetic,synthetic,stomachache,mediapipe-tasks-web,synthetic-handshape,handshape,ext_sozluk-a,ext_heart_attack_sozluk_a_2_web_10fps_p0,ext_stomachache_spreadthesign_1_web_10fps_p0
syn_stomachache_handshape_0113,stomachache,31,,SYNTHETIC,handshape,syn_meb_official_01,derived_from_sources,train,,processed/synthetic_health/landmark46-v1/syn_stomachache_handshape_0113.npz,approved,trainable,true,standard,synthetic,synthetic,stomachache,mediapipe-tasks-web,synthetic-handshape,handshape,meb_official_01,meb_kalp_krizi_web_25fps_p0,ext_stomachache_spreadthesign_1_web_10fps_p0
syn_stomachache_handshape_0114,stomachache,31,,SYNTHETIC,handshape,syn_ext_emrah-uresin,derived_from_sources,train,,processed/synthetic_health/landmark46-v1/syn_stomachache_handshape_0114.npz,approved,trainable,true,standard,synthetic,synthetic,stomachache,mediapipe-tasks-web,synthetic-handshape,handshape,ext_emrah-uresin,ext_heart_attack_emrah_uresin_1_web_10fps_p50,ext_stomachache_spreadthesign_1_web_10fps_p0
syn_stomachache_handshape_0115,stomachache,31,,SYNTHETIC,handshape,syn_meb_official_01,derived_from_sources,train,,processed/synthetic_health/landmark46-v1/syn_stomachache_handshape_0115.npz,approved,trainable,true,standard,synthetic,synthetic,stomachache,mediapipe-tasks-web,synthetic-handshape,handshape,meb_official_01,meb_kalp_krizi_web_10fps_p50,ext_stomachache_spreadthesign_1_web_10fps_p50
syn_stomachache_handshape_0116,stomachache,31,,SYNTHETIC,handshape,syn_ext_emrah-uresin,derived_from_sources,train,,processed/synthetic_health/landmark46-v1/syn_stomachache_handshape_0116.npz,approved,trainable,true,standard,synthetic,synthetic,stomachache,mediapipe-tasks-web,synthetic-handshape,handshape,ext_emrah-uresin,ext_heart_attack_emrah_uresin_1_web_10fps_p50,ext_stomachache_spreadthesign_1_web_10fps_p50
syn_stomachache_handshape_0117,stomachache,31,,SYNTHETIC,handshape,syn_ext_ahmet-tombul,derived_from_sources,train,,processed/synthetic_health/landmark46-v1/syn_stomachache_handshape_0117.npz,approved,trainable,true,standard,synthetic,synthetic,stomachache,mediapipe-tasks-web,synthetic-handshape,handshape,ext_ahmet-tombul,ext_heart_attack_ahmet_tombul_1_web_10fps_p50,ext_stomachache_spreadthesign_1_web_10fps_p50
syn_stomachache_handshape_0118,stomachache,31,,SYNTHETIC,handshape,syn_ext_emrah-uresin,derived_from_sources,train,,processed/synthetic_health/landmark46-v1/syn_stomachache_handshape_0118.npz,approved,trainable,true,standard,synthetic,synthetic,stomachache,mediapipe-tasks-web,synthetic-handshape,handshape,ext_emrah-uresin,ext_heart_attack_emrah_uresin_1_web_10fps_p0,ext_stomachache_spreadthesign_1_web_25fps_p0
syn_stomachache_handshape_0119,stomachache,31,,SYNTHETIC,handshape,syn_meb_official_01,derived_from_sources,train,,processed/synthetic_health/landmark46-v1/syn_stomachache_handshape_0119.npz,approved,trainable,true,standard,synthetic,synthetic,stomachache,mediapipe-holistic-legacy,synthetic-handshape,handshape,meb_official_01,meb_kalp_krizi_health01,ext_stomachache_spreadthesign_1_web_25fps_p0
syn_stomachache_handshape_0120,stomachache,31,,SYNTHETIC,handshape,syn_ext_sozluk-a,derived_from_sources,train,,processed/synthetic_health/landmark46-v1/syn_stomachache_handshape_0120.npz,approved,trainable,true,standard,synthetic,synthetic,stomachache,mediapipe-holistic-legacy,synthetic-handshape,handshape,ext_sozluk-a,ext_heart_attack_sozluk_a_1_legacy,ext_stomachache_spreadthesign_1_web_25fps_p0
syn_stomachache_handshape_0121,stomachache,31,,SYNTHETIC,handshape,syn_ext_emrah-uresin,derived_from_sources,train,,processed/synthetic_health/landmark46-v1/syn_stomachache_handshape_0121.npz,approved,trainable,true,standard,synthetic,synthetic,stomachache,mediapipe-holistic-legacy,synthetic-handshape,handshape,ext_emrah-uresin,ext_palpitations_emrah_uresin_1_legacy,ext_stomachache_ezgi_tutkun_1_legacy
syn_stomachache_handshape_0122,stomachache,31,,SYNTHETIC,handshape,syn_meb_official_01,derived_from_sources,train,,processed/synthetic_health/landmark46-v1/syn_stomachache_handshape_0122.npz,approved,trainable,true,standard,synthetic,synthetic,stomachache,mediapipe-tasks-web,synthetic-handshape,handshape,meb_official_01,meb_kalp_carpintisi_web_25fps_p0,ext_stomachache_ezgi_tutkun_1_legacy
syn_stomachache_handshape_0123,stomachache,31,,SYNTHETIC,handshape,syn_ext_emrah-uresin,derived_from_sources,train,,processed/synthetic_health/landmark46-v1/syn_stomachache_handshape_0123.npz,approved,trainable,true,standard,synthetic,synthetic,stomachache,mediapipe-tasks-web,synthetic-handshape,handshape,ext_emrah-uresin,ext_palpitations_emrah_uresin_1_web_25fps_p0,ext_stomachache_ezgi_tutkun_1_legacy
syn_stomachache_handshape_0124,stomachache,31,,SYNTHETIC,handshape,syn_meb_official_01,derived_from_sources,train,,processed/synthetic_health/landmark46-v1/syn_stomachache_handshape_0124.npz,approved,trainable,true,standard,synthetic,synthetic,stomachache,mediapipe-tasks-web,synthetic-handshape,handshape,meb_official_01,meb_kalp_carpintisi_web_25fps_p0,ext_stomachache_ezgi_tutkun_1_web_10fps_p0
syn_stomachache_handshape_0125,stomachache,31,,SYNTHETIC,handshape,syn_meb_official_01,derived_from_sources,train,,processed/synthetic_health/landmark46-v1/syn_stomachache_handshape_0125.npz,approved,trainable,true,standard,synthetic,synthetic,stomachache,mediapipe-holistic-legacy,synthetic-handshape,handshape,meb_official_01,meb_kalp_carpintisi_health01,ext_stomachache_ezgi_tutkun_1_web_10fps_p0
syn_stomachache_handshape_0126,stomachache,31,,SYNTHETIC,handshape,syn_ext_emrah-uresin,derived_from_sources,train,,processed/synthetic_health/landmark46-v1/syn_stomachache_handshape_0126.npz,approved,trainable,true,standard,synthetic,synthetic,stomachache,mediapipe-tasks-web,synthetic-handshape,handshape,ext_emrah-uresin,ext_palpitations_emrah_uresin_2_web_10fps_p0,ext_stomachache_ezgi_tutkun_1_web_10fps_p0
syn_stomachache_handshape_0127,stomachache,31,,SYNTHETIC,handshape,syn_ext_emrah-uresin,derived_from_sources,train,,processed/synthetic_health/landmark46-v1/syn_stomachache_handshape_0127.npz,approved,trainable,true,standard,synthetic,synthetic,stomachache,mediapipe-tasks-web,synthetic-handshape,handshape,ext_emrah-uresin,ext_palpitations_emrah_uresin_2_web_10fps_p50,ext_stomachache_ezgi_tutkun_1_web_10fps_p50
syn_stomachache_handshape_0128,stomachache,31,,SYNTHETIC,handshape,syn_meb_official_01,derived_from_sources,train,,processed/synthetic_health/landmark46-v1/syn_stomachache_handshape_0128.npz,approved,trainable,true,standard,synthetic,synthetic,stomachache,mediapipe-holistic-legacy,synthetic-handshape,handshape,meb_official_01,meb_kalp_carpintisi_health01,ext_stomachache_ezgi_tutkun_1_web_10fps_p50
syn_stomachache_handshape_0129,stomachache,31,,SYNTHETIC,handshape,syn_ext_emrah-uresin,derived_from_sources,train,,processed/synthetic_health/landmark46-v1/syn_stomachache_handshape_0129.npz,approved,trainable,true,standard,synthetic,synthetic,stomachache,mediapipe-tasks-web,synthetic-handshape,handshape,ext_emrah-uresin,ext_palpitations_emrah_uresin_1_web_10fps_p0,ext_stomachache_ezgi_tutkun_1_web_10fps_p50
syn_stomachache_handshape_0130,stomachache,31,,SYNTHETIC,handshape,syn_ext_emrah-uresin,derived_from_sources,train,,processed/synthetic_health/landmark46-v1/syn_stomachache_handshape_0130.npz,approved,trainable,true,standard,synthetic,synthetic,stomachache,mediapipe-holistic-legacy,synthetic-handshape,handshape,ext_emrah-uresin,ext_palpitations_emrah_uresin_1_legacy,ext_stomachache_ezgi_tutkun_1_web_25fps_p0
syn_stomachache_handshape_0131,stomachache,31,,SYNTHETIC,handshape,syn_meb_official_01,derived_from_sources,train,,processed/synthetic_health/landmark46-v1/syn_stomachache_handshape_0131.npz,approved,trainable,true,standard,synthetic,synthetic,stomachache,mediapipe-holistic-legacy,synthetic-handshape,handshape,meb_official_01,meb_kalp_carpintisi_health01,ext_stomachache_ezgi_tutkun_1_web_25fps_p0
syn_stomachache_handshape_0132,stomachache,31,,SYNTHETIC,handshape,syn_meb_official_01,derived_from_sources,train,,processed/synthetic_health/landmark46-v1/syn_stomachache_handshape_0132.npz,approved,trainable,true,standard,synthetic,synthetic,stomachache,mediapipe-tasks-web,synthetic-handshape,handshape,meb_official_01,meb_kalp_carpintisi_web_10fps_p0,ext_stomachache_ezgi_tutkun_1_web_25fps_p0
syn_stomachache_handshape_0133,stomachache,31,,SYNTHETIC,handshape,syn_meb_official_01,derived_from_sources,train,,processed/synthetic_health/landmark46-v1/syn_stomachache_handshape_0133.npz,approved,trainable,true,standard,synthetic,synthetic,stomachache,mediapipe-tasks-web,synthetic-handshape,handshape,meb_official_01,meb_kalp_carpintisi_web_10fps_p50,ext_stomachache_spreadthesign_1_legacy
syn_stomachache_handshape_0134,stomachache,31,,SYNTHETIC,handshape,syn_ext_emrah-uresin,derived_from_sources,train,,processed/synthetic_health/landmark46-v1/syn_stomachache_handshape_0134.npz,approved,trainable,true,standard,synthetic,synthetic,stomachache,mediapipe-holistic-legacy,synthetic-handshape,handshape,ext_emrah-uresin,ext_palpitations_emrah_uresin_2_legacy,ext_stomachache_spreadthesign_1_legacy
syn_stomachache_handshape_0135,stomachache,31,,SYNTHETIC,handshape,syn_ext_emrah-uresin,derived_from_sources,train,,processed/synthetic_health/landmark46-v1/syn_stomachache_handshape_0135.npz,approved,trainable,true,standard,synthetic,synthetic,stomachache,mediapipe-tasks-web,synthetic-handshape,handshape,ext_emrah-uresin,ext_palpitations_emrah_uresin_1_web_10fps_p0,ext_stomachache_spreadthesign_1_legacy
syn_stomachache_handshape_0136,stomachache,31,,SYNTHETIC,handshape,syn_ext_emrah-uresin,derived_from_sources,train,,processed/synthetic_health/landmark46-v1/syn_stomachache_handshape_0136.npz,approved,trainable,true,standard,synthetic,synthetic,stomachache,mediapipe-tasks-web,synthetic-handshape,handshape,ext_emrah-uresin,ext_palpitations_emrah_uresin_1_web_25fps_p0,ext_stomachache_spreadthesign_1_web_10fps_p0
syn_stomachache_handshape_0137,stomachache,31,,SYNTHETIC,handshape,syn_meb_official_01,derived_from_sources,train,,processed/synthetic_health/landmark46-v1/syn_stomachache_handshape_0137.npz,approved,trainable,true,standard,synthetic,synthetic,stomachache,mediapipe-tasks-web,synthetic-handshape,handshape,meb_official_01,meb_kalp_carpintisi_web_10fps_p50,ext_stomachache_spreadthesign_1_web_10fps_p0
syn_stomachache_handshape_0138,stomachache,31,,SYNTHETIC,handshape,syn_meb_official_01,derived_from_sources,train,,processed/synthetic_health/landmark46-v1/syn_stomachache_handshape_0138.npz,approved,trainable,true,standard,synthetic,synthetic,stomachache,mediapipe-holistic-legacy,synthetic-handshape,handshape,meb_official_01,meb_kalp_carpintisi_health01,ext_stomachache_spreadthesign_1_web_10fps_p0
syn_stomachache_handshape_0139,stomachache,31,,SYNTHETIC,handshape,syn_ext_emrah-uresin,derived_from_sources,train,,processed/synthetic_health/landmark46-v1/syn_stomachache_handshape_0139.npz,approved,trainable,true,standard,synthetic,synthetic,stomachache,mediapipe-tasks-web,synthetic-handshape,handshape,ext_emrah-uresin,ext_palpitations_emrah_uresin_2_web_10fps_p50,ext_stomachache_spreadthesign_1_web_10fps_p50
syn_stomachache_handshape_0140,stomachache,31,,SYNTHETIC,handshape,syn_ext_emrah-uresin,derived_from_sources,train,,processed/synthetic_health/landmark46-v1/syn_stomachache_handshape_0140.npz,approved,trainable,true,standard,synthetic,synthetic,stomachache,mediapipe-tasks-web,synthetic-handshape,handshape,ext_emrah-uresin,ext_palpitations_emrah_uresin_1_web_10fps_p0,ext_stomachache_spreadthesign_1_web_10fps_p50
syn_stomachache_handshape_0141,stomachache,31,,SYNTHETIC,handshape,syn_ext_emrah-uresin,derived_from_sources,train,,processed/synthetic_health/landmark46-v1/syn_stomachache_handshape_0141.npz,approved,trainable,true,standard,synthetic,synthetic,stomachache,mediapipe-tasks-web,synthetic-handshape,handshape,ext_emrah-uresin,ext_palpitations_emrah_uresin_2_web_10fps_p0,ext_stomachache_spreadthesign_1_web_10fps_p50
syn_stomachache_handshape_0142,stomachache,31,,SYNTHETIC,handshape,syn_ext_emrah-uresin,derived_from_sources,train,,processed/synthetic_health/landmark46-v1/syn_stomachache_handshape_0142.npz,approved,trainable,true,standard,synthetic,synthetic,stomachache,mediapipe-tasks-web,synthetic-handshape,handshape,ext_emrah-uresin,ext_palpitations_emrah_uresin_2_web_10fps_p50,ext_stomachache_spreadthesign_1_web_25fps_p0
syn_stomachache_handshape_0143,stomachache,31,,SYNTHETIC,handshape,syn_ext_emrah-uresin,derived_from_sources,train,,processed/synthetic_health/landmark46-v1/syn_stomachache_handshape_0143.npz,approved,trainable,true,standard,synthetic,synthetic,stomachache,mediapipe-holistic-legacy,synthetic-handshape,handshape,ext_emrah-uresin,ext_palpitations_emrah_uresin_1_legacy,ext_stomachache_spreadthesign_1_web_25fps_p0
syn_stomachache_handshape_0144,stomachache,31,,SYNTHETIC,handshape,syn_meb_official_01,derived_from_sources,train,,processed/synthetic_health/landmark46-v1/syn_stomachache_handshape_0144.npz,approved,trainable,true,standard,synthetic,synthetic,stomachache,mediapipe-tasks-web,synthetic-handshape,handshape,meb_official_01,meb_kalp_carpintisi_web_25fps_p0,ext_stomachache_spreadthesign_1_web_25fps_p0
syn_nausea_handshape_0145,nausea,32,,SYNTHETIC,handshape,syn_ext_ezgi-tutkun,derived_from_sources,train,,processed/synthetic_health/landmark46-v1/syn_nausea_handshape_0145.npz,approved,trainable,true,standard,synthetic,synthetic,nausea,mediapipe-tasks-web,synthetic-handshape,handshape,ext_ezgi-tutkun,ext_shortness_of_breath_ezgi_tutkun_1_web_10fps_p0,ext_nausea_meb_bulanti_1_legacy
syn_nausea_handshape_0146,nausea,32,,SYNTHETIC,handshape,syn_ext_ezgi-tutkun,derived_from_sources,train,,processed/synthetic_health/landmark46-v1/syn_nausea_handshape_0146.npz,approved,trainable,true,standard,synthetic,synthetic,nausea,mediapipe-tasks-web,synthetic-handshape,handshape,ext_ezgi-tutkun,ext_shortness_of_breath_ezgi_tutkun_1_web_10fps_p50,ext_nausea_meb_bulanti_1_legacy
syn_nausea_handshape_0147,nausea,32,,SYNTHETIC,handshape,syn_ext_emrah-uresin,derived_from_sources,train,,processed/synthetic_health/landmark46-v1/syn_nausea_handshape_0147.npz,approved,trainable,true,standard,synthetic,synthetic,nausea,mediapipe-tasks-web,synthetic-handshape,handshape,ext_emrah-uresin,ext_shortness_of_breath_emrah_uresin_1_web_10fps_p50,ext_nausea_meb_bulanti_1_legacy
syn_nausea_handshape_0148,nausea,32,,SYNTHETIC,handshape,syn_ext_ezgi-tutkun,derived_from_sources,train,,processed/synthetic_health/landmark46-v1/syn_nausea_handshape_0148.npz,approved,trainable,true,standard,synthetic,synthetic,nausea,mediapipe-tasks-web,synthetic-handshape,handshape,ext_ezgi-tutkun,ext_shortness_of_breath_ezgi_tutkun_1_web_10fps_p50,ext_nausea_meb_bulanti_1_web_10fps_p0
syn_nausea_handshape_0149,nausea,32,,SYNTHETIC,handshape,syn_ext_ezgi-tutkun,derived_from_sources,train,,processed/synthetic_health/landmark46-v1/syn_nausea_handshape_0149.npz,approved,trainable,true,standard,synthetic,synthetic,nausea,mediapipe-tasks-web,synthetic-handshape,handshape,ext_ezgi-tutkun,ext_shortness_of_breath_ezgi_tutkun_2_web_25fps_p0,ext_nausea_meb_bulanti_1_web_10fps_p0
syn_nausea_handshape_0150,nausea,32,,SYNTHETIC,handshape,syn_ext_ezgi-tutkun,derived_from_sources,train,,processed/synthetic_health/landmark46-v1/syn_nausea_handshape_0150.npz,approved,trainable,true,standard,synthetic,synthetic,nausea,mediapipe-holistic-legacy,synthetic-handshape,handshape,ext_ezgi-tutkun,ext_shortness_of_breath_ezgi_tutkun_2_legacy,ext_nausea_meb_bulanti_1_web_10fps_p0
syn_nausea_handshape_0151,nausea,32,,SYNTHETIC,handshape,syn_ext_ezgi-tutkun,derived_from_sources,train,,processed/synthetic_health/landmark46-v1/syn_nausea_handshape_0151.npz,approved,trainable,true,standard,synthetic,synthetic,nausea,mediapipe-holistic-legacy,synthetic-handshape,handshape,ext_ezgi-tutkun,ext_shortness_of_breath_ezgi_tutkun_2_legacy,ext_nausea_meb_bulanti_1_web_10fps_p50
syn_nausea_handshape_0152,nausea,32,,SYNTHETIC,handshape,syn_ext_emrah-uresin,derived_from_sources,train,,processed/synthetic_health/landmark46-v1/syn_nausea_handshape_0152.npz,approved,trainable,true,standard,synthetic,synthetic,nausea,mediapipe-tasks-web,synthetic-handshape,handshape,ext_emrah-uresin,ext_shortness_of_breath_emrah_uresin_1_web_10fps_p50,ext_nausea_meb_bulanti_1_web_10fps_p50
syn_nausea_handshape_0153,nausea,32,,SYNTHETIC,handshape,syn_ext_ezgi-tutkun,derived_from_sources,train,,processed/synthetic_health/landmark46-v1/syn_nausea_handshape_0153.npz,approved,trainable,true,standard,synthetic,synthetic,nausea,mediapipe-tasks-web,synthetic-handshape,handshape,ext_ezgi-tutkun,ext_shortness_of_breath_ezgi_tutkun_1_web_25fps_p0,ext_nausea_meb_bulanti_1_web_10fps_p50
syn_nausea_handshape_0154,nausea,32,,SYNTHETIC,handshape,syn_ext_ezgi-tutkun,derived_from_sources,train,,processed/synthetic_health/landmark46-v1/syn_nausea_handshape_0154.npz,approved,trainable,true,standard,synthetic,synthetic,nausea,mediapipe-tasks-web,synthetic-handshape,handshape,ext_ezgi-tutkun,ext_shortness_of_breath_ezgi_tutkun_1_web_25fps_p0,ext_nausea_meb_bulanti_1_web_25fps_p0
syn_nausea_handshape_0155,nausea,32,,SYNTHETIC,handshape,syn_ext_emrah-uresin,derived_from_sources,train,,processed/synthetic_health/landmark46-v1/syn_nausea_handshape_0155.npz,approved,trainable,true,standard,synthetic,synthetic,nausea,mediapipe-tasks-web,synthetic-handshape,handshape,ext_emrah-uresin,ext_shortness_of_breath_emrah_uresin_1_web_10fps_p0,ext_nausea_meb_bulanti_1_web_25fps_p0
syn_nausea_handshape_0156,nausea,32,,SYNTHETIC,handshape,syn_ext_ezgi-tutkun,derived_from_sources,train,,processed/synthetic_health/landmark46-v1/syn_nausea_handshape_0156.npz,approved,trainable,true,standard,synthetic,synthetic,nausea,mediapipe-tasks-web,synthetic-handshape,handshape,ext_ezgi-tutkun,ext_shortness_of_breath_ezgi_tutkun_2_web_10fps_p0,ext_nausea_meb_bulanti_1_web_25fps_p0
syn_nausea_handshape_0157,nausea,32,,SYNTHETIC,handshape,syn_ext_emrah-uresin,derived_from_sources,train,,processed/synthetic_health/landmark46-v1/syn_nausea_handshape_0157.npz,approved,trainable,true,standard,synthetic,synthetic,nausea,mediapipe-tasks-web,synthetic-handshape,handshape,ext_emrah-uresin,ext_shortness_of_breath_emrah_uresin_1_web_25fps_p0,ext_nausea_spreadthesign_1_legacy
syn_nausea_handshape_0158,nausea,32,,SYNTHETIC,handshape,syn_ext_emrah-uresin,derived_from_sources,train,,processed/synthetic_health/landmark46-v1/syn_nausea_handshape_0158.npz,approved,trainable,true,standard,synthetic,synthetic,nausea,mediapipe-holistic-legacy,synthetic-handshape,handshape,ext_emrah-uresin,ext_shortness_of_breath_emrah_uresin_1_legacy,ext_nausea_spreadthesign_1_legacy
syn_nausea_handshape_0159,nausea,32,,SYNTHETIC,handshape,syn_ext_emrah-uresin,derived_from_sources,train,,processed/synthetic_health/landmark46-v1/syn_nausea_handshape_0159.npz,approved,trainable,true,standard,synthetic,synthetic,nausea,mediapipe-holistic-legacy,synthetic-handshape,handshape,ext_emrah-uresin,ext_shortness_of_breath_emrah_uresin_2_legacy,ext_nausea_spreadthesign_1_legacy
syn_nausea_handshape_0160,nausea,32,,SYNTHETIC,handshape,syn_ext_emrah-uresin,derived_from_sources,train,,processed/synthetic_health/landmark46-v1/syn_nausea_handshape_0160.npz,approved,trainable,true,standard,synthetic,synthetic,nausea,mediapipe-tasks-web,synthetic-handshape,handshape,ext_emrah-uresin,ext_shortness_of_breath_emrah_uresin_2_web_10fps_p0,ext_nausea_spreadthesign_1_web_10fps_p0
syn_nausea_handshape_0161,nausea,32,,SYNTHETIC,handshape,syn_ext_ezgi-tutkun,derived_from_sources,train,,processed/synthetic_health/landmark46-v1/syn_nausea_handshape_0161.npz,approved,trainable,true,standard,synthetic,synthetic,nausea,mediapipe-holistic-legacy,synthetic-handshape,handshape,ext_ezgi-tutkun,ext_shortness_of_breath_ezgi_tutkun_2_legacy,ext_nausea_spreadthesign_1_web_10fps_p0
syn_nausea_handshape_0162,nausea,32,,SYNTHETIC,handshape,syn_ext_ezgi-tutkun,derived_from_sources,train,,processed/synthetic_health/landmark46-v1/syn_nausea_handshape_0162.npz,approved,trainable,true,standard,synthetic,synthetic,nausea,mediapipe-tasks-web,synthetic-handshape,handshape,ext_ezgi-tutkun,ext_shortness_of_breath_ezgi_tutkun_2_web_10fps_p0,ext_nausea_spreadthesign_1_web_10fps_p0
syn_nausea_handshape_0163,nausea,32,,SYNTHETIC,handshape,syn_ext_emrah-uresin,derived_from_sources,train,,processed/synthetic_health/landmark46-v1/syn_nausea_handshape_0163.npz,approved,trainable,true,standard,synthetic,synthetic,nausea,mediapipe-holistic-legacy,synthetic-handshape,handshape,ext_emrah-uresin,ext_shortness_of_breath_emrah_uresin_1_legacy,ext_nausea_spreadthesign_1_web_10fps_p50
syn_nausea_handshape_0164,nausea,32,,SYNTHETIC,handshape,syn_ext_ezgi-tutkun,derived_from_sources,train,,processed/synthetic_health/landmark46-v1/syn_nausea_handshape_0164.npz,approved,trainable,true,standard,synthetic,synthetic,nausea,mediapipe-holistic-legacy,synthetic-handshape,handshape,ext_ezgi-tutkun,ext_shortness_of_breath_ezgi_tutkun_2_legacy,ext_nausea_spreadthesign_1_web_10fps_p50
syn_nausea_handshape_0165,nausea,32,,SYNTHETIC,handshape,syn_ext_emrah-uresin,derived_from_sources,train,,processed/synthetic_health/landmark46-v1/syn_nausea_handshape_0165.npz,approved,trainable,true,standard,synthetic,synthetic,nausea,mediapipe-tasks-web,synthetic-handshape,handshape,ext_emrah-uresin,ext_shortness_of_breath_emrah_uresin_2_web_10fps_p0,ext_nausea_spreadthesign_1_web_10fps_p50
syn_nausea_handshape_0166,nausea,32,,SYNTHETIC,handshape,syn_ext_emrah-uresin,derived_from_sources,train,,processed/synthetic_health/landmark46-v1/syn_nausea_handshape_0166.npz,approved,trainable,true,standard,synthetic,synthetic,nausea,mediapipe-tasks-web,synthetic-handshape,handshape,ext_emrah-uresin,ext_shortness_of_breath_emrah_uresin_1_web_10fps_p0,ext_nausea_spreadthesign_1_web_25fps_p0
syn_nausea_handshape_0167,nausea,32,,SYNTHETIC,handshape,syn_ext_emrah-uresin,derived_from_sources,train,,processed/synthetic_health/landmark46-v1/syn_nausea_handshape_0167.npz,approved,trainable,true,standard,synthetic,synthetic,nausea,mediapipe-holistic-legacy,synthetic-handshape,handshape,ext_emrah-uresin,ext_shortness_of_breath_emrah_uresin_2_legacy,ext_nausea_spreadthesign_1_web_25fps_p0
syn_nausea_handshape_0168,nausea,32,,SYNTHETIC,handshape,syn_ext_emrah-uresin,derived_from_sources,train,,processed/synthetic_health/landmark46-v1/syn_nausea_handshape_0168.npz,approved,trainable,true,standard,synthetic,synthetic,nausea,mediapipe-tasks-web,synthetic-handshape,handshape,ext_emrah-uresin,ext_shortness_of_breath_emrah_uresin_2_web_10fps_p50,ext_nausea_spreadthesign_1_web_25fps_p0
syn_nausea_handshape_0169,nausea,32,,SYNTHETIC,handshape,syn_ext_emrah-uresin,derived_from_sources,train,,processed/synthetic_health/landmark46-v1/syn_nausea_handshape_0169.npz,approved,trainable,true,standard,synthetic,synthetic,nausea,mediapipe-tasks-web,synthetic-handshape,handshape,ext_emrah-uresin,ext_shortness_of_breath_emrah_uresin_2_web_25fps_p0,ext_nausea_tidsozluk_1_legacy
syn_nausea_handshape_0170,nausea,32,,SYNTHETIC,handshape,syn_ext_ezgi-tutkun,derived_from_sources,train,,processed/synthetic_health/landmark46-v1/syn_nausea_handshape_0170.npz,approved,trainable,true,standard,synthetic,synthetic,nausea,mediapipe-tasks-web,synthetic-handshape,handshape,ext_ezgi-tutkun,ext_shortness_of_breath_ezgi_tutkun_1_web_10fps_p50,ext_nausea_tidsozluk_1_legacy
syn_nausea_handshape_0171,nausea,32,,SYNTHETIC,handshape,syn_ext_emrah-uresin,derived_from_sources,train,,processed/synthetic_health/landmark46-v1/syn_nausea_handshape_0171.npz,approved,trainable,true,standard,synthetic,synthetic,nausea,mediapipe-tasks-web,synthetic-handshape,handshape,ext_emrah-uresin,ext_shortness_of_breath_emrah_uresin_1_web_10fps_p50,ext_nausea_tidsozluk_1_legacy
syn_nausea_handshape_0172,nausea,32,,SYNTHETIC,handshape,syn_ext_ezgi-tutkun,derived_from_sources,train,,processed/synthetic_health/landmark46-v1/syn_nausea_handshape_0172.npz,approved,trainable,true,standard,synthetic,synthetic,nausea,mediapipe-tasks-web,synthetic-handshape,handshape,ext_ezgi-tutkun,ext_shortness_of_breath_ezgi_tutkun_1_web_25fps_p0,ext_nausea_tidsozluk_1_web_10fps_p0
syn_nausea_handshape_0173,nausea,32,,SYNTHETIC,handshape,syn_ext_ezgi-tutkun,derived_from_sources,train,,processed/synthetic_health/landmark46-v1/syn_nausea_handshape_0173.npz,approved,trainable,true,standard,synthetic,synthetic,nausea,mediapipe-tasks-web,synthetic-handshape,handshape,ext_ezgi-tutkun,ext_shortness_of_breath_ezgi_tutkun_1_web_10fps_p50,ext_nausea_tidsozluk_1_web_10fps_p0
syn_nausea_handshape_0174,nausea,32,,SYNTHETIC,handshape,syn_ext_ezgi-tutkun,derived_from_sources,train,,processed/synthetic_health/landmark46-v1/syn_nausea_handshape_0174.npz,approved,trainable,true,standard,synthetic,synthetic,nausea,mediapipe-holistic-legacy,synthetic-handshape,handshape,ext_ezgi-tutkun,ext_shortness_of_breath_ezgi_tutkun_1_legacy,ext_nausea_tidsozluk_1_web_10fps_p0
syn_nausea_handshape_0175,nausea,32,,SYNTHETIC,handshape,syn_ext_ezgi-tutkun,derived_from_sources,train,,processed/synthetic_health/landmark46-v1/syn_nausea_handshape_0175.npz,approved,trainable,true,standard,synthetic,synthetic,nausea,mediapipe-tasks-web,synthetic-handshape,handshape,ext_ezgi-tutkun,ext_shortness_of_breath_ezgi_tutkun_2_web_10fps_p50,ext_nausea_tidsozluk_1_web_10fps_p50
syn_nausea_handshape_0176,nausea,32,,SYNTHETIC,handshape,syn_ext_ezgi-tutkun,derived_from_sources,train,,processed/synthetic_health/landmark46-v1/syn_nausea_handshape_0176.npz,approved,trainable,true,standard,synthetic,synthetic,nausea,mediapipe-tasks-web,synthetic-handshape,handshape,ext_ezgi-tutkun,ext_shortness_of_breath_ezgi_tutkun_1_web_25fps_p0,ext_nausea_tidsozluk_1_web_10fps_p50
syn_nausea_handshape_0177,nausea,32,,SYNTHETIC,handshape,syn_ext_ezgi-tutkun,derived_from_sources,train,,processed/synthetic_health/landmark46-v1/syn_nausea_handshape_0177.npz,approved,trainable,true,standard,synthetic,synthetic,nausea,mediapipe-tasks-web,synthetic-handshape,handshape,ext_ezgi-tutkun,ext_shortness_of_breath_ezgi_tutkun_2_web_25fps_p0,ext_nausea_tidsozluk_1_web_10fps_p50
syn_nausea_handshape_0178,nausea,32,,SYNTHETIC,handshape,syn_ext_ezgi-tutkun,derived_from_sources,train,,processed/synthetic_health/landmark46-v1/syn_nausea_handshape_0178.npz,approved,trainable,true,standard,synthetic,synthetic,nausea,mediapipe-holistic-legacy,synthetic-handshape,handshape,ext_ezgi-tutkun,ext_shortness_of_breath_ezgi_tutkun_2_legacy,ext_nausea_tidsozluk_1_web_25fps_p0
syn_nausea_handshape_0179,nausea,32,,SYNTHETIC,handshape,syn_ext_emrah-uresin,derived_from_sources,train,,processed/synthetic_health/landmark46-v1/syn_nausea_handshape_0179.npz,approved,trainable,true,standard,synthetic,synthetic,nausea,mediapipe-tasks-web,synthetic-handshape,handshape,ext_emrah-uresin,ext_shortness_of_breath_emrah_uresin_1_web_25fps_p0,ext_nausea_tidsozluk_1_web_25fps_p0
syn_nausea_handshape_0180,nausea,32,,SYNTHETIC,handshape,syn_ext_ezgi-tutkun,derived_from_sources,train,,processed/synthetic_health/landmark46-v1/syn_nausea_handshape_0180.npz,approved,trainable,true,standard,synthetic,synthetic,nausea,mediapipe-tasks-web,synthetic-handshape,handshape,ext_ezgi-tutkun,ext_shortness_of_breath_ezgi_tutkun_1_web_25fps_p0,ext_nausea_tidsozluk_1_web_25fps_p0
syn_nausea_handshape_0181,nausea,32,,SYNTHETIC,handshape,syn_ext_sozluk-a,derived_from_sources,train,,processed/synthetic_health/landmark46-v1/syn_nausea_handshape_0181.npz,approved,trainable,true,standard,synthetic,synthetic,nausea,mediapipe-tasks-web,synthetic-handshape,handshape,ext_sozluk-a,ext_heart_attack_sozluk_a_2_web_25fps_p0,ext_nausea_meb_bulanti_1_legacy
syn_nausea_handshape_0182,nausea,32,,SYNTHETIC,handshape,syn_ext_sozluk-a,derived_from_sources,train,,processed/synthetic_health/landmark46-v1/syn_nausea_handshape_0182.npz,approved,trainable,true,standard,synthetic,synthetic,nausea,mediapipe-tasks-web,synthetic-handshape,handshape,ext_sozluk-a,ext_heart_attack_sozluk_a_1_web_10fps_p50,ext_nausea_meb_bulanti_1_legacy
syn_nausea_handshape_0183,nausea,32,,SYNTHETIC,handshape,syn_ext_ezgi-tutkun,derived_from_sources,train,,processed/synthetic_health/landmark46-v1/syn_nausea_handshape_0183.npz,approved,trainable,true,standard,synthetic,synthetic,nausea,mediapipe-tasks-web,synthetic-handshape,handshape,ext_ezgi-tutkun,ext_heart_attack_ezgi_tutkun_1_web_10fps_p0,ext_nausea_meb_bulanti_1_legacy
syn_nausea_handshape_0184,nausea,32,,SYNTHETIC,handshape,syn_ext_ezgi-tutkun,derived_from_sources,train,,processed/synthetic_health/landmark46-v1/syn_nausea_handshape_0184.npz,approved,trainable,true,standard,synthetic,synthetic,nausea,mediapipe-tasks-web,synthetic-handshape,handshape,ext_ezgi-tutkun,ext_heart_attack_ezgi_tutkun_1_web_25fps_p0,ext_nausea_meb_bulanti_1_web_10fps_p0
syn_nausea_handshape_0185,nausea,32,,SYNTHETIC,handshape,syn_ext_sozluk-a,derived_from_sources,train,,processed/synthetic_health/landmark46-v1/syn_nausea_handshape_0185.npz,approved,trainable,true,standard,synthetic,synthetic,nausea,mediapipe-holistic-legacy,synthetic-handshape,handshape,ext_sozluk-a,ext_heart_attack_sozluk_a_1_legacy,ext_nausea_meb_bulanti_1_web_10fps_p0
syn_nausea_handshape_0186,nausea,32,,SYNTHETIC,handshape,syn_ext_ahmet-tombul,derived_from_sources,train,,processed/synthetic_health/landmark46-v1/syn_nausea_handshape_0186.npz,approved,trainable,true,standard,synthetic,synthetic,nausea,mediapipe-tasks-web,synthetic-handshape,handshape,ext_ahmet-tombul,ext_heart_attack_ahmet_tombul_1_web_10fps_p0,ext_nausea_meb_bulanti_1_web_10fps_p0
syn_nausea_handshape_0187,nausea,32,,SYNTHETIC,handshape,syn_ext_ezgi-tutkun,derived_from_sources,train,,processed/synthetic_health/landmark46-v1/syn_nausea_handshape_0187.npz,approved,trainable,true,standard,synthetic,synthetic,nausea,mediapipe-tasks-web,synthetic-handshape,handshape,ext_ezgi-tutkun,ext_heart_attack_ezgi_tutkun_1_web_25fps_p0,ext_nausea_meb_bulanti_1_web_10fps_p50
syn_nausea_handshape_0188,nausea,32,,SYNTHETIC,handshape,syn_ext_ahmet-tombul,derived_from_sources,train,,processed/synthetic_health/landmark46-v1/syn_nausea_handshape_0188.npz,approved,trainable,true,standard,synthetic,synthetic,nausea,mediapipe-tasks-web,synthetic-handshape,handshape,ext_ahmet-tombul,ext_heart_attack_ahmet_tombul_1_web_10fps_p0,ext_nausea_meb_bulanti_1_web_10fps_p50
syn_nausea_handshape_0189,nausea,32,,SYNTHETIC,handshape,syn_ext_ezgi-tutkun,derived_from_sources,train,,processed/synthetic_health/landmark46-v1/syn_nausea_handshape_0189.npz,approved,trainable,true,standard,synthetic,synthetic,nausea,mediapipe-holistic-legacy,synthetic-handshape,handshape,ext_ezgi-tutkun,ext_heart_attack_ezgi_tutkun_1_legacy,ext_nausea_meb_bulanti_1_web_10fps_p50
syn_nausea_handshape_0190,nausea,32,,SYNTHETIC,handshape,syn_ext_sozluk-a,derived_from_sources,train,,processed/synthetic_health/landmark46-v1/syn_nausea_handshape_0190.npz,approved,trainable,true,standard,synthetic,synthetic,nausea,mediapipe-holistic-legacy,synthetic-handshape,handshape,ext_sozluk-a,ext_heart_attack_sozluk_a_2_legacy,ext_nausea_meb_bulanti_1_web_25fps_p0
syn_nausea_handshape_0191,nausea,32,,SYNTHETIC,handshape,syn_ext_sozluk-a,derived_from_sources,train,,processed/synthetic_health/landmark46-v1/syn_nausea_handshape_0191.npz,approved,trainable,true,standard,synthetic,synthetic,nausea,mediapipe-tasks-web,synthetic-handshape,handshape,ext_sozluk-a,ext_heart_attack_sozluk_a_1_web_10fps_p0,ext_nausea_meb_bulanti_1_web_25fps_p0
syn_nausea_handshape_0192,nausea,32,,SYNTHETIC,handshape,syn_ext_ezgi-tutkun,derived_from_sources,train,,processed/synthetic_health/landmark46-v1/syn_nausea_handshape_0192.npz,approved,trainable,true,standard,synthetic,synthetic,nausea,mediapipe-tasks-web,synthetic-handshape,handshape,ext_ezgi-tutkun,ext_heart_attack_ezgi_tutkun_1_web_10fps_p0,ext_nausea_meb_bulanti_1_web_25fps_p0
syn_nausea_handshape_0193,nausea,32,,SYNTHETIC,handshape,syn_meb_official_01,derived_from_sources,train,,processed/synthetic_health/landmark46-v1/syn_nausea_handshape_0193.npz,approved,trainable,true,standard,synthetic,synthetic,nausea,mediapipe-tasks-web,synthetic-handshape,handshape,meb_official_01,meb_kalp_krizi_web_10fps_p50,ext_nausea_spreadthesign_1_legacy
syn_nausea_handshape_0194,nausea,32,,SYNTHETIC,handshape,syn_ext_ahmet-tombul,derived_from_sources,train,,processed/synthetic_health/landmark46-v1/syn_nausea_handshape_0194.npz,approved,trainable,true,standard,synthetic,synthetic,nausea,mediapipe-tasks-web,synthetic-handshape,handshape,ext_ahmet-tombul,ext_heart_attack_ahmet_tombul_1_web_25fps_p0,ext_nausea_spreadthesign_1_legacy
syn_nausea_handshape_0195,nausea,32,,SYNTHETIC,handshape,syn_ext_sozluk-a,derived_from_sources,train,,processed/synthetic_health/landmark46-v1/syn_nausea_handshape_0195.npz,approved,trainable,true,standard,synthetic,synthetic,nausea,mediapipe-tasks-web,synthetic-handshape,handshape,ext_sozluk-a,ext_heart_attack_sozluk_a_2_web_10fps_p50,ext_nausea_spreadthesign_1_legacy
syn_nausea_handshape_0196,nausea,32,,SYNTHETIC,handshape,syn_ext_ahmet-tombul,derived_from_sources,train,,processed/synthetic_health/landmark46-v1/syn_nausea_handshape_0196.npz,approved,trainable,true,standard,synthetic,synthetic,nausea,mediapipe-tasks-web,synthetic-handshape,handshape,ext_ahmet-tombul,ext_heart_attack_ahmet_tombul_1_web_10fps_p0,ext_nausea_spreadthesign_1_web_10fps_p0
syn_nausea_handshape_0197,nausea,32,,SYNTHETIC,handshape,syn_ext_emrah-uresin,derived_from_sources,train,,processed/synthetic_health/landmark46-v1/syn_nausea_handshape_0197.npz,approved,trainable,true,standard,synthetic,synthetic,nausea,mediapipe-tasks-web,synthetic-handshape,handshape,ext_emrah-uresin,ext_heart_attack_emrah_uresin_1_web_10fps_p50,ext_nausea_spreadthesign_1_web_10fps_p0
syn_nausea_handshape_0198,nausea,32,,SYNTHETIC,handshape,syn_ext_emrah-uresin,derived_from_sources,train,,processed/synthetic_health/landmark46-v1/syn_nausea_handshape_0198.npz,approved,trainable,true,standard,synthetic,synthetic,nausea,mediapipe-holistic-legacy,synthetic-handshape,handshape,ext_emrah-uresin,ext_heart_attack_emrah_uresin_1_legacy,ext_nausea_spreadthesign_1_web_10fps_p0
syn_nausea_handshape_0199,nausea,32,,SYNTHETIC,handshape,syn_ext_emrah-uresin,derived_from_sources,train,,processed/synthetic_health/landmark46-v1/syn_nausea_handshape_0199.npz,approved,trainable,true,standard,synthetic,synthetic,nausea,mediapipe-tasks-web,synthetic-handshape,handshape,ext_emrah-uresin,ext_heart_attack_emrah_uresin_1_web_10fps_p50,ext_nausea_spreadthesign_1_web_10fps_p50
syn_nausea_handshape_0200,nausea,32,,SYNTHETIC,handshape,syn_meb_official_01,derived_from_sources,train,,processed/synthetic_health/landmark46-v1/syn_nausea_handshape_0200.npz,approved,trainable,true,standard,synthetic,synthetic,nausea,mediapipe-tasks-web,synthetic-handshape,handshape,meb_official_01,meb_kalp_krizi_web_25fps_p0,ext_nausea_spreadthesign_1_web_10fps_p50
syn_nausea_handshape_0201,nausea,32,,SYNTHETIC,handshape,syn_ext_sozluk-a,derived_from_sources,train,,processed/synthetic_health/landmark46-v1/syn_nausea_handshape_0201.npz,approved,trainable,true,standard,synthetic,synthetic,nausea,mediapipe-tasks-web,synthetic-handshape,handshape,ext_sozluk-a,ext_heart_attack_sozluk_a_2_web_10fps_p0,ext_nausea_spreadthesign_1_web_10fps_p50
syn_nausea_handshape_0202,nausea,32,,SYNTHETIC,handshape,syn_ext_ezgi-tutkun,derived_from_sources,train,,processed/synthetic_health/landmark46-v1/syn_nausea_handshape_0202.npz,approved,trainable,true,standard,synthetic,synthetic,nausea,mediapipe-tasks-web,synthetic-handshape,handshape,ext_ezgi-tutkun,ext_heart_attack_ezgi_tutkun_1_web_10fps_p50,ext_nausea_spreadthesign_1_web_25fps_p0
syn_nausea_handshape_0203,nausea,32,,SYNTHETIC,handshape,syn_ext_emrah-uresin,derived_from_sources,train,,processed/synthetic_health/landmark46-v1/syn_nausea_handshape_0203.npz,approved,trainable,true,standard,synthetic,synthetic,nausea,mediapipe-tasks-web,synthetic-handshape,handshape,ext_emrah-uresin,ext_heart_attack_emrah_uresin_1_web_10fps_p0,ext_nausea_spreadthesign_1_web_25fps_p0
syn_nausea_handshape_0204,nausea,32,,SYNTHETIC,handshape,syn_ext_ezgi-tutkun,derived_from_sources,train,,processed/synthetic_health/landmark46-v1/syn_nausea_handshape_0204.npz,approved,trainable,true,standard,synthetic,synthetic,nausea,mediapipe-holistic-legacy,synthetic-handshape,handshape,ext_ezgi-tutkun,ext_heart_attack_ezgi_tutkun_1_legacy,ext_nausea_spreadthesign_1_web_25fps_p0
syn_nausea_handshape_0205,nausea,32,,SYNTHETIC,handshape,syn_meb_official_01,derived_from_sources,train,,processed/synthetic_health/landmark46-v1/syn_nausea_handshape_0205.npz,approved,trainable,true,standard,synthetic,synthetic,nausea,mediapipe-tasks-web,synthetic-handshape,handshape,meb_official_01,meb_kalp_krizi_web_10fps_p0,ext_nausea_tidsozluk_1_legacy
syn_nausea_handshape_0206,nausea,32,,SYNTHETIC,handshape,syn_ext_sozluk-a,derived_from_sources,train,,processed/synthetic_health/landmark46-v1/syn_nausea_handshape_0206.npz,approved,trainable,true,standard,synthetic,synthetic,nausea,mediapipe-tasks-web,synthetic-handshape,handshape,ext_sozluk-a,ext_heart_attack_sozluk_a_1_web_25fps_p0,ext_nausea_tidsozluk_1_legacy
syn_nausea_handshape_0207,nausea,32,,SYNTHETIC,handshape,syn_ext_emrah-uresin,derived_from_sources,train,,processed/synthetic_health/landmark46-v1/syn_nausea_handshape_0207.npz,approved,trainable,true,standard,synthetic,synthetic,nausea,mediapipe-holistic-legacy,synthetic-handshape,handshape,ext_emrah-uresin,ext_heart_attack_emrah_uresin_1_legacy,ext_nausea_tidsozluk_1_legacy
syn_nausea_handshape_0208,nausea,32,,SYNTHETIC,handshape,syn_ext_sozluk-a,derived_from_sources,train,,processed/synthetic_health/landmark46-v1/syn_nausea_handshape_0208.npz,approved,trainable,true,standard,synthetic,synthetic,nausea,mediapipe-holistic-legacy,synthetic-handshape,handshape,ext_sozluk-a,ext_heart_attack_sozluk_a_1_legacy,ext_nausea_tidsozluk_1_web_10fps_p0
syn_nausea_handshape_0209,nausea,32,,SYNTHETIC,handshape,syn_ext_ezgi-tutkun,derived_from_sources,train,,processed/synthetic_health/landmark46-v1/syn_nausea_handshape_0209.npz,approved,trainable,true,standard,synthetic,synthetic,nausea,mediapipe-tasks-web,synthetic-handshape,handshape,ext_ezgi-tutkun,ext_heart_attack_ezgi_tutkun_1_web_25fps_p0,ext_nausea_tidsozluk_1_web_10fps_p0
syn_nausea_handshape_0210,nausea,32,,SYNTHETIC,handshape,syn_ext_ezgi-tutkun,derived_from_sources,train,,processed/synthetic_health/landmark46-v1/syn_nausea_handshape_0210.npz,approved,trainable,true,standard,synthetic,synthetic,nausea,mediapipe-tasks-web,synthetic-handshape,handshape,ext_ezgi-tutkun,ext_heart_attack_ezgi_tutkun_1_web_10fps_p50,ext_nausea_tidsozluk_1_web_10fps_p0
syn_nausea_handshape_0211,nausea,32,,SYNTHETIC,handshape,syn_ext_emrah-uresin,derived_from_sources,train,,processed/synthetic_health/landmark46-v1/syn_nausea_handshape_0211.npz,approved,trainable,true,standard,synthetic,synthetic,nausea,mediapipe-holistic-legacy,synthetic-handshape,handshape,ext_emrah-uresin,ext_heart_attack_emrah_uresin_1_legacy,ext_nausea_tidsozluk_1_web_10fps_p50
syn_nausea_handshape_0212,nausea,32,,SYNTHETIC,handshape,syn_ext_ezgi-tutkun,derived_from_sources,train,,processed/synthetic_health/landmark46-v1/syn_nausea_handshape_0212.npz,approved,trainable,true,standard,synthetic,synthetic,nausea,mediapipe-holistic-legacy,synthetic-handshape,handshape,ext_ezgi-tutkun,ext_heart_attack_ezgi_tutkun_1_legacy,ext_nausea_tidsozluk_1_web_10fps_p50
syn_nausea_handshape_0213,nausea,32,,SYNTHETIC,handshape,syn_meb_official_01,derived_from_sources,train,,processed/synthetic_health/landmark46-v1/syn_nausea_handshape_0213.npz,approved,trainable,true,standard,synthetic,synthetic,nausea,mediapipe-tasks-web,synthetic-handshape,handshape,meb_official_01,meb_kalp_krizi_web_10fps_p0,ext_nausea_tidsozluk_1_web_10fps_p50
syn_nausea_handshape_0214,nausea,32,,SYNTHETIC,handshape,syn_ext_ahmet-tombul,derived_from_sources,train,,processed/synthetic_health/landmark46-v1/syn_nausea_handshape_0214.npz,approved,trainable,true,standard,synthetic,synthetic,nausea,mediapipe-tasks-web,synthetic-handshape,handshape,ext_ahmet-tombul,ext_heart_attack_ahmet_tombul_1_web_10fps_p50,ext_nausea_tidsozluk_1_web_25fps_p0
syn_nausea_handshape_0215,nausea,32,,SYNTHETIC,handshape,syn_ext_ahmet-tombul,derived_from_sources,train,,processed/synthetic_health/landmark46-v1/syn_nausea_handshape_0215.npz,approved,trainable,true,standard,synthetic,synthetic,nausea,mediapipe-tasks-web,synthetic-handshape,handshape,ext_ahmet-tombul,ext_heart_attack_ahmet_tombul_1_web_10fps_p0,ext_nausea_tidsozluk_1_web_25fps_p0
syn_nausea_handshape_0216,nausea,32,,SYNTHETIC,handshape,syn_ext_sozluk-a,derived_from_sources,train,,processed/synthetic_health/landmark46-v1/syn_nausea_handshape_0216.npz,approved,trainable,true,standard,synthetic,synthetic,nausea,mediapipe-tasks-web,synthetic-handshape,handshape,ext_sozluk-a,ext_heart_attack_sozluk_a_1_web_25fps_p0,ext_nausea_tidsozluk_1_web_25fps_p0
syn_nausea_handshape_0217,nausea,32,,SYNTHETIC,handshape,syn_ext_ezgi-tutkun,derived_from_sources,train,,processed/synthetic_health/landmark46-v1/syn_nausea_handshape_0217.npz,approved,trainable,true,standard,synthetic,synthetic,nausea,mediapipe-holistic-legacy,synthetic-handshape,handshape,ext_ezgi-tutkun,ext_stomachache_ezgi_tutkun_1_legacy,ext_nausea_meb_bulanti_1_legacy
syn_nausea_handshape_0218,nausea,32,,SYNTHETIC,handshape,syn_ext_ezgi-tutkun,derived_from_sources,train,,processed/synthetic_health/landmark46-v1/syn_nausea_handshape_0218.npz,approved,trainable,true,standard,synthetic,synthetic,nausea,mediapipe-tasks-web,synthetic-handshape,handshape,ext_ezgi-tutkun,ext_stomachache_ezgi_tutkun_1_web_10fps_p50,ext_nausea_meb_bulanti_1_legacy
syn_nausea_handshape_0219,nausea,32,,SYNTHETIC,handshape,syn_ext_ezgi-tutkun,derived_from_sources,train,,processed/synthetic_health/landmark46-v1/syn_nausea_handshape_0219.npz,approved,trainable,true,standard,synthetic,synthetic,nausea,mediapipe-tasks-web,synthetic-handshape,handshape,ext_ezgi-tutkun,ext_stomachache_ezgi_tutkun_1_web_25fps_p0,ext_nausea_meb_bulanti_1_legacy
syn_nausea_handshape_0220,nausea,32,,SYNTHETIC,handshape,syn_ext_ezgi-tutkun,derived_from_sources,train,,processed/synthetic_health/landmark46-v1/syn_nausea_handshape_0220.npz,approved,trainable,true,standard,synthetic,synthetic,nausea,mediapipe-tasks-web,synthetic-handshape,handshape,ext_ezgi-tutkun,ext_stomachache_ezgi_tutkun_1_web_10fps_p0,ext_nausea_meb_bulanti_1_web_10fps_p0
syn_nausea_handshape_0221,nausea,32,,SYNTHETIC,handshape,syn_ext_ezgi-tutkun,derived_from_sources,train,,processed/synthetic_health/landmark46-v1/syn_nausea_handshape_0221.npz,approved,trainable,true,standard,synthetic,synthetic,nausea,mediapipe-holistic-legacy,synthetic-handshape,handshape,ext_ezgi-tutkun,ext_stomachache_ezgi_tutkun_1_legacy,ext_nausea_meb_bulanti_1_web_10fps_p0
syn_nausea_handshape_0222,nausea,32,,SYNTHETIC,handshape,syn_ext_ezgi-tutkun,derived_from_sources,train,,processed/synthetic_health/landmark46-v1/syn_nausea_handshape_0222.npz,approved,trainable,true,standard,synthetic,synthetic,nausea,mediapipe-tasks-web,synthetic-handshape,handshape,ext_ezgi-tutkun,ext_stomachache_ezgi_tutkun_1_web_25fps_p0,ext_nausea_meb_bulanti_1_web_10fps_p0
syn_nausea_handshape_0223,nausea,32,,SYNTHETIC,handshape,syn_ext_ezgi-tutkun,derived_from_sources,train,,processed/synthetic_health/landmark46-v1/syn_nausea_handshape_0223.npz,approved,trainable,true,standard,synthetic,synthetic,nausea,mediapipe-holistic-legacy,synthetic-handshape,handshape,ext_ezgi-tutkun,ext_stomachache_ezgi_tutkun_1_legacy,ext_nausea_meb_bulanti_1_web_10fps_p50
syn_nausea_handshape_0224,nausea,32,,SYNTHETIC,handshape,syn_ext_ezgi-tutkun,derived_from_sources,train,,processed/synthetic_health/landmark46-v1/syn_nausea_handshape_0224.npz,approved,trainable,true,standard,synthetic,synthetic,nausea,mediapipe-tasks-web,synthetic-handshape,handshape,ext_ezgi-tutkun,ext_stomachache_ezgi_tutkun_1_web_10fps_p50,ext_nausea_meb_bulanti_1_web_10fps_p50
syn_nausea_handshape_0225,nausea,32,,SYNTHETIC,handshape,syn_ext_ezgi-tutkun,derived_from_sources,train,,processed/synthetic_health/landmark46-v1/syn_nausea_handshape_0225.npz,approved,trainable,true,standard,synthetic,synthetic,nausea,mediapipe-tasks-web,synthetic-handshape,handshape,ext_ezgi-tutkun,ext_stomachache_ezgi_tutkun_1_web_10fps_p0,ext_nausea_meb_bulanti_1_web_10fps_p50
syn_nausea_handshape_0226,nausea,32,,SYNTHETIC,handshape,syn_ext_ezgi-tutkun,derived_from_sources,train,,processed/synthetic_health/landmark46-v1/syn_nausea_handshape_0226.npz,approved,trainable,true,standard,synthetic,synthetic,nausea,mediapipe-tasks-web,synthetic-handshape,handshape,ext_ezgi-tutkun,ext_stomachache_ezgi_tutkun_1_web_25fps_p0,ext_nausea_meb_bulanti_1_web_25fps_p0
syn_nausea_handshape_0227,nausea,32,,SYNTHETIC,handshape,syn_ext_ezgi-tutkun,derived_from_sources,train,,processed/synthetic_health/landmark46-v1/syn_nausea_handshape_0227.npz,approved,trainable,true,standard,synthetic,synthetic,nausea,mediapipe-holistic-legacy,synthetic-handshape,handshape,ext_ezgi-tutkun,ext_stomachache_ezgi_tutkun_1_legacy,ext_nausea_meb_bulanti_1_web_25fps_p0
syn_nausea_handshape_0228,nausea,32,,SYNTHETIC,handshape,syn_ext_ezgi-tutkun,derived_from_sources,train,,processed/synthetic_health/landmark46-v1/syn_nausea_handshape_0228.npz,approved,trainable,true,standard,synthetic,synthetic,nausea,mediapipe-tasks-web,synthetic-handshape,handshape,ext_ezgi-tutkun,ext_stomachache_ezgi_tutkun_1_web_10fps_p0,ext_nausea_meb_bulanti_1_web_25fps_p0
syn_nausea_handshape_0229,nausea,32,,SYNTHETIC,handshape,syn_ext_ezgi-tutkun,derived_from_sources,train,,processed/synthetic_health/landmark46-v1/syn_nausea_handshape_0229.npz,approved,trainable,true,standard,synthetic,synthetic,nausea,mediapipe-tasks-web,synthetic-handshape,handshape,ext_ezgi-tutkun,ext_stomachache_ezgi_tutkun_1_web_25fps_p0,ext_nausea_spreadthesign_1_legacy
syn_nausea_handshape_0230,nausea,32,,SYNTHETIC,handshape,syn_ext_ezgi-tutkun,derived_from_sources,train,,processed/synthetic_health/landmark46-v1/syn_nausea_handshape_0230.npz,approved,trainable,true,standard,synthetic,synthetic,nausea,mediapipe-holistic-legacy,synthetic-handshape,handshape,ext_ezgi-tutkun,ext_stomachache_ezgi_tutkun_1_legacy,ext_nausea_spreadthesign_1_legacy
syn_nausea_handshape_0231,nausea,32,,SYNTHETIC,handshape,syn_ext_ezgi-tutkun,derived_from_sources,train,,processed/synthetic_health/landmark46-v1/syn_nausea_handshape_0231.npz,approved,trainable,true,standard,synthetic,synthetic,nausea,mediapipe-tasks-web,synthetic-handshape,handshape,ext_ezgi-tutkun,ext_stomachache_ezgi_tutkun_1_web_10fps_p50,ext_nausea_spreadthesign_1_legacy
syn_nausea_handshape_0232,nausea,32,,SYNTHETIC,handshape,syn_ext_ezgi-tutkun,derived_from_sources,train,,processed/synthetic_health/landmark46-v1/syn_nausea_handshape_0232.npz,approved,trainable,true,standard,synthetic,synthetic,nausea,mediapipe-tasks-web,synthetic-handshape,handshape,ext_ezgi-tutkun,ext_stomachache_ezgi_tutkun_1_web_10fps_p50,ext_nausea_spreadthesign_1_web_10fps_p0
syn_nausea_handshape_0233,nausea,32,,SYNTHETIC,handshape,syn_ext_ezgi-tutkun,derived_from_sources,train,,processed/synthetic_health/landmark46-v1/syn_nausea_handshape_0233.npz,approved,trainable,true,standard,synthetic,synthetic,nausea,mediapipe-holistic-legacy,synthetic-handshape,handshape,ext_ezgi-tutkun,ext_stomachache_ezgi_tutkun_1_legacy,ext_nausea_spreadthesign_1_web_10fps_p0
syn_nausea_handshape_0234,nausea,32,,SYNTHETIC,handshape,syn_ext_ezgi-tutkun,derived_from_sources,train,,processed/synthetic_health/landmark46-v1/syn_nausea_handshape_0234.npz,approved,trainable,true,standard,synthetic,synthetic,nausea,mediapipe-tasks-web,synthetic-handshape,handshape,ext_ezgi-tutkun,ext_stomachache_ezgi_tutkun_1_web_10fps_p0,ext_nausea_spreadthesign_1_web_10fps_p0
syn_nausea_handshape_0235,nausea,32,,SYNTHETIC,handshape,syn_ext_ezgi-tutkun,derived_from_sources,train,,processed/synthetic_health/landmark46-v1/syn_nausea_handshape_0235.npz,approved,trainable,true,standard,synthetic,synthetic,nausea,mediapipe-holistic-legacy,synthetic-handshape,handshape,ext_ezgi-tutkun,ext_stomachache_ezgi_tutkun_1_legacy,ext_nausea_spreadthesign_1_web_10fps_p50
syn_nausea_handshape_0236,nausea,32,,SYNTHETIC,handshape,syn_ext_ezgi-tutkun,derived_from_sources,train,,processed/synthetic_health/landmark46-v1/syn_nausea_handshape_0236.npz,approved,trainable,true,standard,synthetic,synthetic,nausea,mediapipe-tasks-web,synthetic-handshape,handshape,ext_ezgi-tutkun,ext_stomachache_ezgi_tutkun_1_web_10fps_p0,ext_nausea_spreadthesign_1_web_10fps_p50
syn_nausea_handshape_0237,nausea,32,,SYNTHETIC,handshape,syn_ext_ezgi-tutkun,derived_from_sources,train,,processed/synthetic_health/landmark46-v1/syn_nausea_handshape_0237.npz,approved,trainable,true,standard,synthetic,synthetic,nausea,mediapipe-tasks-web,synthetic-handshape,handshape,ext_ezgi-tutkun,ext_stomachache_ezgi_tutkun_1_web_10fps_p50,ext_nausea_spreadthesign_1_web_10fps_p50
syn_nausea_handshape_0238,nausea,32,,SYNTHETIC,handshape,syn_ext_ezgi-tutkun,derived_from_sources,train,,processed/synthetic_health/landmark46-v1/syn_nausea_handshape_0238.npz,approved,trainable,true,standard,synthetic,synthetic,nausea,mediapipe-tasks-web,synthetic-handshape,handshape,ext_ezgi-tutkun,ext_stomachache_ezgi_tutkun_1_web_25fps_p0,ext_nausea_spreadthesign_1_web_25fps_p0
syn_nausea_handshape_0239,nausea,32,,SYNTHETIC,handshape,syn_ext_ezgi-tutkun,derived_from_sources,train,,processed/synthetic_health/landmark46-v1/syn_nausea_handshape_0239.npz,approved,trainable,true,standard,synthetic,synthetic,nausea,mediapipe-tasks-web,synthetic-handshape,handshape,ext_ezgi-tutkun,ext_stomachache_ezgi_tutkun_1_web_10fps_p0,ext_nausea_spreadthesign_1_web_25fps_p0
syn_nausea_handshape_0240,nausea,32,,SYNTHETIC,handshape,syn_ext_ezgi-tutkun,derived_from_sources,train,,processed/synthetic_health/landmark46-v1/syn_nausea_handshape_0240.npz,approved,trainable,true,standard,synthetic,synthetic,nausea,mediapipe-holistic-legacy,synthetic-handshape,handshape,ext_ezgi-tutkun,ext_stomachache_ezgi_tutkun_1_legacy,ext_nausea_spreadthesign_1_web_25fps_p0
syn_nausea_handshape_0241,nausea,32,,SYNTHETIC,handshape,syn_ext_ezgi-tutkun,derived_from_sources,train,,processed/synthetic_health/landmark46-v1/syn_nausea_handshape_0241.npz,approved,trainable,true,standard,synthetic,synthetic,nausea,mediapipe-holistic-legacy,synthetic-handshape,handshape,ext_ezgi-tutkun,ext_stomachache_ezgi_tutkun_1_legacy,ext_nausea_tidsozluk_1_legacy
syn_nausea_handshape_0242,nausea,32,,SYNTHETIC,handshape,syn_ext_ezgi-tutkun,derived_from_sources,train,,processed/synthetic_health/landmark46-v1/syn_nausea_handshape_0242.npz,approved,trainable,true,standard,synthetic,synthetic,nausea,mediapipe-tasks-web,synthetic-handshape,handshape,ext_ezgi-tutkun,ext_stomachache_ezgi_tutkun_1_web_10fps_p0,ext_nausea_tidsozluk_1_legacy
syn_nausea_handshape_0243,nausea,32,,SYNTHETIC,handshape,syn_ext_ezgi-tutkun,derived_from_sources,train,,processed/synthetic_health/landmark46-v1/syn_nausea_handshape_0243.npz,approved,trainable,true,standard,synthetic,synthetic,nausea,mediapipe-tasks-web,synthetic-handshape,handshape,ext_ezgi-tutkun,ext_stomachache_ezgi_tutkun_1_web_10fps_p50,ext_nausea_tidsozluk_1_legacy
syn_nausea_handshape_0244,nausea,32,,SYNTHETIC,handshape,syn_ext_ezgi-tutkun,derived_from_sources,train,,processed/synthetic_health/landmark46-v1/syn_nausea_handshape_0244.npz,approved,trainable,true,standard,synthetic,synthetic,nausea,mediapipe-holistic-legacy,synthetic-handshape,handshape,ext_ezgi-tutkun,ext_stomachache_ezgi_tutkun_1_legacy,ext_nausea_tidsozluk_1_web_10fps_p0
syn_nausea_handshape_0245,nausea,32,,SYNTHETIC,handshape,syn_ext_ezgi-tutkun,derived_from_sources,train,,processed/synthetic_health/landmark46-v1/syn_nausea_handshape_0245.npz,approved,trainable,true,standard,synthetic,synthetic,nausea,mediapipe-tasks-web,synthetic-handshape,handshape,ext_ezgi-tutkun,ext_stomachache_ezgi_tutkun_1_web_10fps_p0,ext_nausea_tidsozluk_1_web_10fps_p0
syn_nausea_handshape_0246,nausea,32,,SYNTHETIC,handshape,syn_ext_ezgi-tutkun,derived_from_sources,train,,processed/synthetic_health/landmark46-v1/syn_nausea_handshape_0246.npz,approved,trainable,true,standard,synthetic,synthetic,nausea,mediapipe-tasks-web,synthetic-handshape,handshape,ext_ezgi-tutkun,ext_stomachache_ezgi_tutkun_1_web_10fps_p50,ext_nausea_tidsozluk_1_web_10fps_p0
syn_nausea_handshape_0247,nausea,32,,SYNTHETIC,handshape,syn_ext_ezgi-tutkun,derived_from_sources,train,,processed/synthetic_health/landmark46-v1/syn_nausea_handshape_0247.npz,approved,trainable,true,standard,synthetic,synthetic,nausea,mediapipe-tasks-web,synthetic-handshape,handshape,ext_ezgi-tutkun,ext_stomachache_ezgi_tutkun_1_web_10fps_p0,ext_nausea_tidsozluk_1_web_10fps_p50
syn_nausea_handshape_0248,nausea,32,,SYNTHETIC,handshape,syn_ext_ezgi-tutkun,derived_from_sources,train,,processed/synthetic_health/landmark46-v1/syn_nausea_handshape_0248.npz,approved,trainable,true,standard,synthetic,synthetic,nausea,mediapipe-tasks-web,synthetic-handshape,handshape,ext_ezgi-tutkun,ext_stomachache_ezgi_tutkun_1_web_10fps_p50,ext_nausea_tidsozluk_1_web_10fps_p50
syn_nausea_handshape_0249,nausea,32,,SYNTHETIC,handshape,syn_ext_ezgi-tutkun,derived_from_sources,train,,processed/synthetic_health/landmark46-v1/syn_nausea_handshape_0249.npz,approved,trainable,true,standard,synthetic,synthetic,nausea,mediapipe-tasks-web,synthetic-handshape,handshape,ext_ezgi-tutkun,ext_stomachache_ezgi_tutkun_1_web_25fps_p0,ext_nausea_tidsozluk_1_web_10fps_p50
syn_nausea_handshape_0250,nausea,32,,SYNTHETIC,handshape,syn_ext_ezgi-tutkun,derived_from_sources,train,,processed/synthetic_health/landmark46-v1/syn_nausea_handshape_0250.npz,approved,trainable,true,standard,synthetic,synthetic,nausea,mediapipe-holistic-legacy,synthetic-handshape,handshape,ext_ezgi-tutkun,ext_stomachache_ezgi_tutkun_1_legacy,ext_nausea_tidsozluk_1_web_25fps_p0
syn_nausea_handshape_0251,nausea,32,,SYNTHETIC,handshape,syn_ext_ezgi-tutkun,derived_from_sources,train,,processed/synthetic_health/landmark46-v1/syn_nausea_handshape_0251.npz,approved,trainable,true,standard,synthetic,synthetic,nausea,mediapipe-tasks-web,synthetic-handshape,handshape,ext_ezgi-tutkun,ext_stomachache_ezgi_tutkun_1_web_10fps_p50,ext_nausea_tidsozluk_1_web_25fps_p0
syn_nausea_handshape_0252,nausea,32,,SYNTHETIC,handshape,syn_ext_ezgi-tutkun,derived_from_sources,train,,processed/synthetic_health/landmark46-v1/syn_nausea_handshape_0252.npz,approved,trainable,true,standard,synthetic,synthetic,nausea,mediapipe-tasks-web,synthetic-handshape,handshape,ext_ezgi-tutkun,ext_stomachache_ezgi_tutkun_1_web_25fps_p0,ext_nausea_tidsozluk_1_web_25fps_p0
